id,date,timeofday,LON,LAT,"activity 1=not morving, 2=walking, 3=running, 4=biking, 6=skateboarding","direction 1=n, 2=s, 3=e, 4=w, 5=sw, 6=se, 7=nw, 8=ne","withmask 0=no, 1=yes","nomaskimpr 0=no mask or mask but incorrect, 1=mask and correct","maskreason 1=nose exposed, 2=nose and mouth exposed","maskother 1=exhalation valve or vent, 2=on forehead, 3=around neck, 4=touched mask, 5=<2 years of age, 6=in hand, 7=hanging on ear","socialdist 0=no, 1=yes","agegroup 1=<18, 2=18-30, 3=31-55, 4=>55","white 0=not white, 1=white","sex 1=male, 2=female","smoking 0= not smoking, 1=smoking","obese 0=not overweight/obese, 1=overweight/obese","touchsurface 0=no, 1=yes","surfacetype 1=trash can, 2=parking meter, 3=door handle, 4=railing, 5=auto, 6=building, 7=other, 8=bench, 9=phone, 11=tools, 12=table","Etiquette1 0=no hands to head, 1= hands to head"
1,9/03/2020,123350,39.682205,-75.7474,2,1,1,0,2,3,1,4,1,2,0,1,0,0,0
2,9/03/2020,123404,39.682101,-75.7472,1,0,0,0,0,0,0,2,1,1,0,1,0,0,0
3,9/03/2020,123404,39.682094,-75.7472,1,0,0,0,0,0,0,2,1,1,0,0,0,0,0
4,9/03/2020,123409,39.682162,-75.7466,2,3,1,1,0,0,1,3,0,2,0,0,0,0,0
5,9/03/2020,123417,39.682227,-75.7459,2,1,9,9,9,9,1,2,1,1,0,0,0,0,0
6,9/03/2020,123445,39.682093,-75.7451,2,4,1,1,0,0,0,2,0,2,0,1,0,0,0
7,9/03/2020,123445,39.682082,-75.7451,2,4,1,1,0,0,0,2,0,2,0,0,0,0,0
8,9/03/2020,123459,39.682464,-75.7455,1,0,9,9,9,9,1,4,0,2,0,1,0,0,0
9,9/03/2020,123520,39.682992,-75.7455,1,0,0,0,0,0,1,2,1,2,0,0,0,0,0
10,9/03/2020,123516,39.68317,-75.7455,2,1,0,0,0,0,1,3,1,1,0,0,0,0,0
11,9/03/2020,123548,39.6837,-75.7457,2,3,9,9,9,9,1,2,1,2,0,0,0,0,0
12,9/03/2020,122755,39.678996,-75.7487,1,0,1,1,0,0,1,2,1,2,0,1,1,9,0
13,9/03/2020,122811,39.67925,-75.7486,1,0,1,1,0,0,1,2,1,1,0,0,0,0,0
14,9/03/2020,122811,39.679279,-75.7486,2,8,1,1,0,0,1,2,0,1,0,0,0,0,0
15,9/03/2020,122840,39.679452,-75.7484,2,8,1,1,0,0,1,2,1,2,0,0,1,3,0
16,9/03/2020,121951,39.681173,-75.7495,2,2,1,1,0,0,1,2,1,1,0,0,0,0,0
17,9/03/2020,121955,39.681173,-75.7495,2,2,1,1,0,0,1,3,1,2,0,1,0,0,0
18,9/03/2020,122150,39.67965,-75.7496,2,2,1,1,0,0,1,2,1,1,0,0,0,0,0
19,9/03/2020,122223,39.679435,-75.7492,1,0,1,1,0,0,0,2,1,2,0,1,0,0,1
20,9/03/2020,122223,39.679439,-75.7492,1,0,0,0,0,0,0,2,1,2,0,0,0,0,0
21,9/03/2020,122223,39.679433,-75.7492,1,0,0,0,0,0,0,2,1,2,0,0,0,0,0
22,9/03/2020,122226,39.679607,-75.7495,2,3,0,0,0,0,0,2,1,2,0,1,0,0,0
23,9/03/2020,122226,39.679603,-75.7495,2,3,0,0,0,0,0,2,1,1,0,0,0,0,0
24,9/03/2020,122232,39.678874,-75.7499,2,1,0,0,0,0,1,2,1,2,0,0,0,0,0
25,9/03/2020,122244,39.678269,-75.7499,2,1,0,0,0,0,1,2,1,2,0,0,0,0,0
26,9/03/2020,122345,39.678678,-75.7489,3,3,0,0,0,0,0,2,1,1,0,0,0,0,0
27,9/03/2020,122345,39.678672,-75.7489,3,3,0,0,0,0,0,2,1,1,0,0,0,0,0
28,9/03/2020,115315,39.676966,-75.7482,1,0,0,0,0,0,1,2,1,1,0,0,0,0,0
29,9/03/2020,115315,39.67698,-75.7482,1,0,0,0,0,0,1,2,0,1,0,0,0,0,0
30,9/03/2020,115447,39.677069,-75.7472,1,0,0,0,0,0,1,2,1,2,0,0,0,0,0
31,9/03/2020,115525,39.67727,-75.7487,2,6,0,0,0,0,0,2,1,2,0,0,0,0,0
32,9/03/2020,115525,39.677276,-75.7487,2,6,0,0,0,0,0,2,1,2,0,0,0,0,0
33,9/03/2020,115536,39.677378,-75.7491,2,6,1,1,0,0,0,3,1,1,0,0,0,0,0
34,9/03/2020,115536,39.677385,-75.7491,2,6,1,0,1,0,0,2,1,1,0,0,0,0,0
35,9/03/2020,115536,39.677384,-75.7491,2,6,1,0,1,0,0,3,1,2,0,0,0,0,0
36,9/03/2020,115536,39.677387,-75.7491,2,6,1,1,0,0,0,2,1,2,0,0,0,0,0
37,9/03/2020,115714,39.677103,-75.7502,3,1,0,0,0,0,1,2,1,2,0,0,0,0,0
38,9/03/2020,115746,39.677512,-75.7501,2,2,0,0,0,0,1,2,1,1,0,0,0,0,0
39,9/03/2020,115757,39.677301,-75.7501,2,1,1,1,0,0,1,2,0,1,0,0,0,0,0
40,9/03/2020,115951,39.67823,-75.7517,2,2,1,1,0,4,0,2,1,2,0,0,0,1,0
41,9/03/2020,115951,39.678229,-75.7517,2,2,0,0,0,0,0,2,1,1,0,1,0,0,0
42,9/03/2020,115951,39.678238,-75.7517,2,2,0,0,0,0,0,2,1,2,0,0,0,0,0
43,9/03/2020,120011,39.678066,-75.7524,1,0,1,1,0,0,0,3,1,2,0,1,0,0,0
44,9/03/2020,120011,39.678081,-75.7524,1,0,1,1,0,4,0,2,1,2,0,1,0,1,0
45,9/03/2020,120011,39.678077,-75.7524,1,0,1,1,0,0,0,2,1,2,0,1,0,0,0
46,9/03/2020,120021,39.677717,-75.7523,2,7,1,1,0,0,1,4,1,2,0,1,0,0,0
47,9/03/2020,120001,39.677342,-75.7517,2,1,0,0,0,0,0,2,1,2,0,0,0,0,0
48,9/03/2020,120001,39.677339,-75.7517,2,1,0,0,0,0,0,2,1,2,0,0,0,0,0
49,9/03/2020,120139,39.678614,-75.7524,2,6,1,1,0,0,1,3,0,1,0,0,0,0,0
50,9/03/2020,120212,39.678742,-75.7517,2,2,1,1,0,0,0,3,0,1,0,1,0,0,0
51,9/03/2020,120212,39.678744,-75.7517,2,2,1,1,0,0,0,3,1,2,0,0,0,0,0
52,9/03/2020,120249,39.678999,-75.7517,2,2,1,1,0,0,1,2,1,2,0,0,0,0,0
53,9/03/2020,120321,39.679452,-75.7518,2,1,1,0,2,3,1,2,1,1,1,0,0,0,0
54,9/03/2020,120338,39.679605,-75.7519,3,2,0,0,0,0,1,2,1,2,0,0,0,0,0
55,9/03/2020,120417,39.678644,-75.7523,2,3,1,1,0,0,1,3,1,1,0,1,0,0,0
56,9/03/2020,120506,39.67821,-75.7513,2,3,1,1,0,0,0,2,1,1,0,0,0,0,0
57,9/03/2020,120506,39.678201,-75.7513,2,3,1,1,0,0,0,2,1,2,0,0,0,0,0
58,9/03/2020,120506,39.678193,-75.7513,2,3,1,1,0,0,0,2,1,2,0,0,0,0,0
59,9/03/2020,120526,39.67787,-75.7516,1,0,1,1,0,0,0,3,1,2,0,1,1,8,0
60,9/03/2020,120526,39.677862,-75.7516,1,0,1,0,2,3,0,3,1,1,0,1,0,0,0
61,9/03/2020,120526,39.677855,-75.7516,1,0,1,0,2,3,0,1,1,2,0,0,0,0,0
62,9/03/2020,120628,39.679036,-75.7534,2,3,0,0,0,0,1,2,1,1,0,0,0,0,0
63,9/03/2020,120712,39.679506,-75.7535,2,2,0,0,0,0,1,2,1,1,0,0,0,0,0
64,9/03/2020,120723,39.679857,-75.7536,2,1,1,1,0,0,1,3,0,1,0,0,0,0,0
65,9/03/2020,120909,39.680438,-75.7558,2,1,0,0,0,0,1,3,1,1,0,0,0,0,0
66,9/03/2020,121006,39.682161,-75.755,2,3,1,1,0,0,1,3,0,1,0,0,0,0,0
67,9/03/2020,121019,39.682667,-75.7548,2,8,1,0,2,3,0,3,1,1,0,0,0,0,0
68,9/03/2020,121019,39.682656,-75.7548,2,8,1,1,0,0,0,2,1,1,0,0,0,0,0
69,9/03/2020,121028,39.682861,-75.7547,1,0,0,0,0,0,1,2,1,1,0,0,0,0,1
70,9/03/2020,121117,39.682193,-75.7539,2,1,0,0,0,0,0,2,1,2,0,0,0,0,0
71,9/03/2020,121117,39.68219,-75.7539,2,1,1,0,2,6,0,2,1,2,0,0,0,0,0
72,9/03/2020,121416,39.6819,-75.7526,3,6,0,0,0,0,1,2,1,1,0,0,0,0,0
73,9/03/2020,121429,39.682372,-75.7523,2,2,1,1,0,0,1,4,1,1,0,1,0,0,0
74,9/03/2020,121432,39.682439,-75.7523,1,0,0,0,0,0,0,2,1,1,0,0,1,8,0
75,9/03/2020,121432,39.682428,-75.7523,1,0,0,0,0,0,0,2,1,1,0,0,1,8,0
76,9/03/2020,121438,39.682706,-75.7524,1,0,0,0,0,0,0,2,1,1,0,0,0,0,1
77,9/03/2020,121438,39.682718,-75.7524,1,0,0,0,0,0,0,2,1,2,0,0,0,0,0
78,9/03/2020,121441,39.682732,-75.7523,1,0,0,0,0,0,1,2,0,1,0,0,1,8,0
79,9/03/2020,121442,39.682796,-75.7524,2,2,0,0,0,0,1,4,1,2,0,0,0,0,0
80,9/03/2020,121442,39.682899,-75.7524,2,4,0,0,0,0,1,4,1,1,0,1,1,4,0
81,9/03/2020,121534,39.681767,-75.7516,2,4,1,1,0,0,1,2,1,1,0,0,0,0,0
82,9/03/2020,121536,39.681779,-75.7515,2,4,1,1,0,0,1,2,1,2,0,1,0,0,0
83,9/03/2020,121641,39.681391,-75.7504,2,3,1,1,0,0,0,3,0,2,0,1,0,0,0
84,9/03/2020,121641,39.681386,-75.7504,2,3,1,1,0,0,0,3,0,2,0,0,0,0,0
85,9/03/2020,121803,39.682117,-75.7476,3,4,0,0,0,0,1,2,1,1,0,0,0,0,0
86,9/03/2020,121803,39.682086,-75.7476,3,4,0,0,0,0,1,2,1,1,0,0,0,0,0
87,9/03/2020,121824,39.682084,-75.7472,2,1,1,1,0,0,1,3,1,1,0,0,0,0,0
88,9/03/2020,121835,39.682207,-75.7474,2,2,1,1,0,0,1,3,0,2,0,1,0,0,0
89,9/03/2020,121837,39.682244,-75.7473,2,2,1,1,0,0,1,2,1,1,0,0,0,0,0
90,9/03/2020,111936,39.683582,-75.7454,2,4,0,0,0,0,1,2,1,2,0,0,0,0,0
91,9/03/2020,111941,39.683703,-75.7456,2,3,0,0,0,0,1,2,1,1,0,0,0,0,0
92,9/03/2020,111948,39.683553,-75.7457,2,3,0,0,0,0,1,3,1,1,0,0,0,0,0
93,9/03/2020,111959,39.683518,-75.746,1,0,1,1,0,0,1,2,1,2,0,0,0,0,0
94,9/03/2020,112003,39.683516,-75.7463,2,3,0,0,0,0,1,2,1,2,0,0,0,0,0
95,9/03/2020,112033,39.68361,-75.7468,2,3,1,0,1,0,1,2,1,2,0,0,0,0,0
96,9/03/2020,112037,39.683445,-75.7468,2,3,1,1,0,0,1,2,1,2,0,0,0,0,0
97,9/03/2020,112037,39.683437,-75.7469,2,3,1,1,0,0,0,2,1,2,0,0,0,0,0
98,9/03/2020,112037,39.683449,-75.7469,2,3,1,1,0,0,0,2,1,2,0,0,0,0,0
99,9/03/2020,112042,39.68359,-75.7472,2,3,1,0,2,3,0,3,1,1,0,1,0,0,0
100,9/03/2020,112042,39.683602,-75.7472,2,3,1,0,2,3,0,3,1,2,0,0,0,0,0
101,9/03/2020,112044,39.683416,-75.7472,2,2,0,0,0,0,1,2,1,2,0,0,0,0,0
102,9/03/2020,112050,39.683542,-75.7473,1,0,0,0,0,0,1,3,1,1,0,0,1,5,0
103,9/03/2020,112054,39.683407,-75.7472,1,0,1,1,0,0,0,2,1,2,0,0,0,0,0
104,9/03/2020,112054,39.683415,-75.7472,1,0,1,1,0,0,0,2,1,2,0,0,0,0,0
105,9/03/2020,112054,39.683406,-75.7473,1,0,0,0,0,0,0,2,1,2,0,0,0,0,0
106,9/03/2020,112054,39.683407,-75.7473,1,0,0,0,0,0,0,2,1,2,0,0,0,0,0
107,9/03/2020,112054,39.6834,-75.7474,1,0,0,0,0,0,1,2,1,1,0,0,0,0,0
108,9/03/2020,112054,39.683432,-75.7474,2,3,1,1,0,0,1,2,1,2,0,0,0,0,0
109,9/03/2020,112059,39.683405,-75.7475,2,6,0,0,0,0,1,2,1,1,0,0,0,0,0
110,9/03/2020,112105,39.683553,-75.7476,2,3,1,1,0,0,0,2,1,2,0,0,0,0,0
111,9/03/2020,112105,39.683561,-75.7476,2,3,1,1,0,0,0,2,1,2,0,0,0,0,0
112,9/03/2020,112105,39.68357,-75.7476,2,3,1,1,0,0,0,2,1,2,0,0,0,0,0
113,9/03/2020,112105,39.683572,-75.7476,2,3,0,0,0,0,0,2,1,2,0,0,0,0,0
114,9/03/2020,112111,39.683416,-75.7475,2,4,1,1,0,0,0,2,1,2,0,0,0,0,0
115,9/03/2020,112111,39.683407,-75.7475,2,4,1,1,0,0,0,2,1,2,0,1,0,0,0
116,9/03/2020,112136,39.683376,-75.748,2,3,0,0,0,0,0,3,1,2,0,0,0,0,0
117,9/03/2020,112136,39.683386,-75.748,2,3,1,0,2,3,0,3,1,1,0,0,0,0,0
118,9/03/2020,112144,39.683506,-75.7481,2,3,1,1,0,0,1,2,1,2,0,0,0,0,0
119,9/03/2020,112144,39.68351,-75.748,2,3,1,1,0,0,0,2,1,2,0,0,0,0,0
120,9/03/2020,112144,39.683517,-75.748,2,4,1,0,2,3,0,3,1,2,0,1,0,0,0
121,9/03/2020,112225,39.683489,-75.7484,2,4,1,1,0,0,1,4,1,1,0,0,0,0,0
122,9/03/2020,112225,39.683472,-75.7484,2,2,1,1,0,0,1,3,0,2,0,1,0,0,0
123,9/03/2020,112252,39.683498,-75.7487,1,0,1,0,2,3,1,3,0,2,0,1,0,0,0
124,9/03/2020,112252,39.683458,-75.7487,2,3,0,0,0,0,1,3,1,1,0,0,0,0,0
125,9/03/2020,112304,39.683452,-75.7489,3,3,0,0,0,0,1,2,1,2,0,0,0,0,0
126,9/03/2020,112312,39.683281,-75.7491,2,3,1,1,0,0,0,2,0,1,0,1,0,0,0
127,9/03/2020,112312,39.683291,-75.7491,2,3,1,1,0,0,0,2,0,1,0,0,0,0,0
128,9/03/2020,112312,39.683425,-75.7492,2,3,0,0,0,0,1,2,1,2,0,0,0,0,0
129,9/03/2020,112328,39.683401,-75.7495,2,3,1,1,0,0,1,2,1,2,0,0,0,0,0
130,9/03/2020,112336,39.683261,-75.7493,2,3,1,0,2,3,0,2,1,2,0,0,0,0,1
131,9/03/2020,112336,39.683271,-75.7493,2,3,0,0,0,0,0,2,1,2,0,0,0,0,0
132,9/03/2020,112336,39.68328,-75.7493,2,3,0,0,0,0,0,2,1,2,0,0,0,0,0
133,9/03/2020,112349,39.683273,-75.7492,2,3,0,0,0,0,0,3,1,2,0,0,0,0,0
134,9/03/2020,112349,39.683283,-75.7492,2,3,0,0,0,0,0,2,1,2,0,0,0,0,0
135,9/03/2020,112349,39.683288,-75.7492,2,3,0,0,0,0,0,3,1,1,0,1,0,0,0
136,9/03/2020,112357,39.683255,-75.7495,2,3,0,0,0,0,1,2,1,2,0,0,0,0,0
137,9/03/2020,112404,39.683381,-75.7498,2,3,1,1,0,0,1,2,1,1,0,0,0,0,0
138,9/03/2020,112408,39.683216,-75.75,2,3,1,1,0,0,1,2,1,2,0,0,0,0,0
139,9/03/2020,112414,39.683201,-75.7501,2,3,1,1,0,0,1,2,1,1,0,0,0,0,0
140,9/03/2020,112415,39.68317,-75.75,2,8,0,0,0,0,1,3,1,1,0,0,0,0,0
141,9/03/2020,112416,39.683108,-75.7499,2,6,0,0,0,0,1,3,1,1,0,0,0,0,0
142,9/03/2020,112425,39.683222,-75.7499,2,4,1,1,0,0,1,2,1,2,0,1,0,0,0
143,9/03/2020,112438,39.683331,-75.7506,1,0,0,0,0,0,0,3,1,1,0,0,0,0,0
144,9/03/2020,112438,39.683329,-75.7505,1,0,0,0,0,0,0,3,1,1,0,0,0,0,0
145,9/03/2020,112454,39.683325,-75.7508,1,0,1,0,2,3,0,2,1,2,0,1,0,0,0
146,9/03/2020,112454,39.683326,-75.7508,1,0,1,0,2,3,0,2,1,2,0,0,0,0,0
147,9/03/2020,112518,39.683107,-75.7515,1,0,1,1,0,0,0,3,0,2,0,1,0,0,0
148,9/03/2020,112518,39.683112,-75.7516,1,0,1,1,0,0,0,3,0,1,0,0,0,0,0
149,9/03/2020,112519,39.683234,-75.7515,2,3,1,1,0,0,1,2,1,2,0,0,0,0,0
150,9/03/2020,112524,39.683065,-75.7518,2,3,1,1,0,0,1,2,1,2,0,1,0,0,0
151,9/03/2020,112533,39.682984,-75.7521,1,0,0,0,0,0,0,2,0,1,0,0,0,0,0
152,9/03/2020,112533,39.682979,-75.7522,1,0,0,0,0,0,0,2,0,1,0,0,0,0,0
153,9/03/2020,112533,39.682996,-75.7523,2,2,1,1,0,0,1,2,1,2,0,0,0,0,0
154,9/03/2020,112546,39.683234,-75.7524,2,2,1,1,0,4,1,3,0,1,0,1,0,0,0
155,9/03/2020,112559,39.683044,-75.7525,2,3,0,0,0,6,1,2,1,2,0,0,0,0,0
156,9/03/2020,112607,39.682912,-75.7528,2,1,0,0,0,0,1,3,1,1,0,1,0,0,0
157,9/03/2020,112731,39.683385,-75.7536,1,0,1,1,0,0,0,4,0,1,0,0,0,0,0
158,9/03/2020,112731,39.683397,-75.7536,1,0,1,1,0,0,0,2,0,1,0,0,0,0,0
159,9/03/2020,112739,39.683665,-75.7537,1,0,1,1,0,0,1,2,1,2,0,1,0,0,0
160,9/03/2020,112814,39.683443,-75.7525,1,0,0,0,0,0,1,3,1,1,0,0,0,0,0
161,9/03/2020,112814,39.68344,-75.7526,1,0,0,0,0,0,0,4,1,1,0,1,0,0,0
162,9/03/2020,112814,39.68344,-75.7526,1,0,0,0,0,0,0,3,1,1,0,1,0,0,0
163,9/03/2020,112819,39.683605,-75.7525,1,0,1,1,0,0,0,2,1,2,0,0,0,0,0
164,9/03/2020,112819,39.683616,-75.7525,1,0,1,1,0,0,0,2,1,1,0,0,0,0,0
165,9/03/2020,112844,39.683963,-75.7525,2,2,1,1,0,0,0,2,1,2,0,0,0,0,0
166,9/03/2020,112844,39.683962,-75.7525,2,2,1,1,0,0,0,2,1,2,0,1,0,0,0
167,9/03/2020,112909,39.684005,-75.7527,2,8,1,0,2,3,0,2,1,1,0,0,0,0,0
168,9/03/2020,112909,39.684012,-75.7527,2,8,1,0,2,3,0,2,1,1,0,0,0,0,0
169,9/03/2020,113000,39.684322,-75.7537,1,0,9,9,9,9,1,2,1,1,0,0,0,0,0
170,9/03/2020,113023,39.684224,-75.7543,3,2,1,1,0,0,1,2,1,2,0,0,0,0,0
171,9/03/2020,113034,39.684555,-75.7541,2,6,0,0,0,0,1,2,1,2,0,1,0,0,1
172,9/03/2020,113049,39.684729,-75.7544,2,1,1,1,0,0,1,2,0,2,0,0,0,0,0
173,9/03/2020,113107,39.684813,-75.7544,2,2,1,0,2,3,1,2,1,1,0,0,0,0,0
174,9/03/2020,113139,39.685792,-75.7545,4,2,1,1,0,0,1,2,1,9,9,9,0,0,0
175,9/03/2020,113139,39.68573,-75.7545,4,2,1,1,0,0,1,2,1,9,9,9,0,0,0
176,9/03/2020,113140,39.685741,-75.7545,2,2,1,0,2,3,1,2,1,1,0,0,0,0,0
177,9/03/2020,113142,39.685715,-75.7547,2,3,1,1,0,0,1,2,0,1,0,0,0,0,0
178,9/03/2020,113325,39.685843,-75.7545,1,0,0,0,0,0,0,2,1,2,0,9,0,0,0
179,9/03/2020,113325,39.68585,-75.7545,1,0,1,0,2,3,0,2,1,2,0,0,0,0,0
180,9/03/2020,113325,39.685857,-75.7545,4,2,0,0,0,0,0,2,1,1,0,0,0,0,0
181,9/03/2020,113325,39.685855,-75.7544,2,2,0,0,0,0,0,2,1,2,0,0,0,0,0
182,9/03/2020,113325,39.685858,-75.7544,2,2,0,0,0,0,0,2,1,2,0,0,0,0,0
183,9/03/2020,113341,39.68614,-75.7544,2,2,0,0,0,0,0,2,1,2,0,0,0,0,0
184,9/03/2020,113341,39.686141,-75.7544,2,2,0,0,0,0,0,2,1,2,0,0,0,0,0
185,9/03/2020,113349,39.686619,-75.7546,2,2,1,0,2,6,1,2,1,2,0,0,0,0,0
186,9/03/2020,113349,39.686621,-75.7545,2,2,1,0,2,6,1,2,1,1,0,0,0,0,0
187,9/03/2020,113409,39.687173,-75.7548,2,6,1,1,0,0,0,2,1,1,0,1,0,0,0
188,9/03/2020,113409,39.687182,-75.7548,2,6,0,0,0,0,0,2,1,1,0,0,0,0,0
189,9/03/2020,113423,39.687238,-75.7548,2,6,1,1,0,0,1,2,1,2,0,0,0,0,0
190,9/03/2020,113447,39.688217,-75.7556,2,6,1,1,0,0,1,2,1,1,0,0,0,0,0
191,9/03/2020,113454,39.688441,-75.7558,2,6,1,1,0,0,0,3,0,2,0,1,0,0,0
192,9/03/2020,113454,39.688447,-75.7558,2,6,1,0,2,3,0,3,1,2,0,1,0,0,0
193,9/03/2020,113502,39.688689,-75.7561,2,6,1,1,0,0,0,2,1,2,0,0,0,0,0
194,9/03/2020,113502,39.688696,-75.756,2,6,1,1,0,0,0,2,1,1,0,0,0,0,0
195,9/03/2020,113502,39.688701,-75.756,2,6,1,1,0,0,0,2,1,2,0,0,0,0,0
196,9/03/2020,113550,39.689578,-75.7567,2,5,1,1,0,0,0,2,1,2,0,0,0,0,0
197,9/03/2020,113550,39.689574,-75.7566,2,5,1,1,0,0,0,2,0,2,0,1,0,0,0
198,9/03/2020,113659,39.689535,-75.7568,2,6,1,0,2,3,0,2,1,2,0,0,0,0,0
199,9/03/2020,113659,39.689543,-75.7568,2,6,1,0,2,3,0,2,1,2,0,0,0,0,0
200,9/11/2020,121120,39.679267,-75.7487,1,0,9,9,9,9,1,9,9,1,0,0,0,0,0
201,9/11/2020,114350,39.67768,-75.7517,1,0,0,0,0,0,0,1,1,1,0,0,8,0,0
202,9/11/2020,114350,39.67768,-75.7517,1,0,0,0,0,0,0,2,1,1,0,0,8,0,0
203,9/11/2020,114357,39.677737,-75.7517,2,1,0,0,0,0,1,2,1,2,0,0,0,0,0
204,9/11/2020,114610,39.678242,-75.7523,2,2,1,1,0,0,1,2,1,1,0,0,0,0,0
205,9/11/2020,114647,39.678631,-75.7516,1,0,0,0,0,0,0,1,1,2,0,0,1,10,0
206,9/11/2020,114647,39.678631,-75.7516,1,0,0,0,0,0,0,3,1,1,0,1,1,10,0
207,9/11/2020,115012,39.679089,-75.7535,2,2,1,1,0,0,1,2,1,1,0,1,0,0,0
208,9/11/2020,115321,39.680952,-75.7555,2,3,1,1,0,0,1,2,1,2,0,0,0,0,0
209,9/11/2020,115321,39.680964,-75.7556,2,2,0,0,0,0,1,2,1,2,0,0,0,0,0
210,9/11/2020,115414,39.682915,-75.7547,2,4,1,0,2,1,1,2,1,2,0,0,0,0,0
211,9/11/2020,115457,39.682904,-75.7542,2,1,0,0,0,0,1,2,1,2,0,0,0,0,0
212,9/11/2020,115523,39.682389,-75.7539,1,0,0,0,0,0,1,2,1,2,0,0,1,7,0
213,9/11/2020,115523,39.682382,-75.7539,1,0,0,0,0,0,0,2,1,2,0,1,1,7,1
214,9/11/2020,115523,39.682344,-75.7539,1,0,0,0,0,0,0,2,1,2,0,0,1,7,0
215,9/11/2020,115523,39.682261,-75.7539,1,0,0,0,0,0,0,2,1,1,0,0,1,7,0
216,9/11/2020,115529,39.682037,-75.7538,2,1,0,0,0,0,1,2,1,2,0,1,0,0,0
217,9/11/2020,115651,39.683133,-75.7536,2,2,1,1,0,0,0,2,1,1,0,0,0,0,0
218,9/11/2020,115651,39.683132,-75.7537,2,2,0,0,0,0,0,2,1,2,0,1,0,0,0
219,9/11/2020,115743,39.680705,-75.7536,2,4,1,1,0,0,1,3,0,1,0,1,0,0,0
220,9/11/2020,115933,39.681714,-75.7525,2,4,1,1,0,0,0,2,1,2,0,1,0,0,0
221,9/11/2020,115933,39.681714,-75.7525,2,4,1,0,0,4,0,2,1,2,0,1,0,0,1
222,9/11/2020,120838,39.678843,-75.7498,2,3,1,1,0,0,0,2,0,2,0,0,0,0,0
223,9/11/2020,120838,39.678852,-75.7498,2,3,1,1,0,0,0,2,0,1,0,0,0,0,0
224,9/11/2020,120948,39.678184,-75.748,2,1,0,0,0,0,1,3,1,1,0,0,0,0,0
225,9/03/2020,113659,39.689552,-75.7568,2,6,1,0,2,3,0,2,1,2,0,0,0,0,0
226,9/11/2020,121138,39.679445,-75.7485,2,4,0,0,0,0,1,2,1,2,0,0,0,0,0
227,9/11/2020,120307,39.681903,-75.7499,2,4,0,0,0,0,1,2,1,2,0,0,0,0,1
228,9/11/2020,120158,39.681237,-75.7504,2,1,1,1,0,0,1,2,0,2,0,0,0,0,0
229,9/11/2020,121511,39.682032,-75.7494,2,2,0,0,0,0,1,2,1,2,0,0,0,0,0
230,9/11/2020,121531,39.682146,-75.7481,2,4,0,0,0,0,1,3,1,2,0,0,0,0,0
231,9/11/2020,120325,39.681905,-75.7494,2,2,1,1,0,0,1,2,0,1,0,0,0,0,0
232,9/11/2020,121604,39.682216,-75.7473,2,2,1,1,0,0,1,2,1,1,0,0,0,0,0
233,9/11/2020,120325,39.681907,-75.7495,2,4,1,1,0,0,1,2,1,2,0,0,0,0,1
234,9/11/2020,121714,39.682321,-75.7459,2,3,1,0,0,4,0,2,0,1,0,0,0,0,1
235,9/11/2020,120412,39.681156,-75.7495,2,2,0,0,0,0,1,2,0,1,0,0,0,0,0
236,9/11/2020,121714,39.682331,-75.7459,2,3,0,0,0,0,0,2,0,1,0,1,0,0,0
237,9/11/2020,120445,39.680255,-75.7497,2,1,0,0,0,0,1,3,1,1,0,0,0,0,0
238,9/11/2020,121722,39.682215,-75.7456,2,3,1,1,0,0,0,2,1,1,0,0,0,0,0
239,9/11/2020,121722,39.682197,-75.7457,2,1,1,1,0,0,0,2,1,1,0,0,0,0,0
240,9/11/2020,121722,39.682206,-75.7456,2,3,0,0,0,0,1,2,1,1,0,0,0,0,0
241,9/11/2020,120448,39.680115,-75.7497,2,1,1,1,0,0,1,2,0,1,0,0,0,0,0
242,9/11/2020,121740,39.682154,-75.7453,2,3,0,0,0,0,1,2,1,1,0,0,0,0,0
243,9/11/2020,120453,39.680148,-75.7496,2,2,0,0,0,0,0,2,1,2,0,0,0,0,0
244,9/11/2020,121843,39.683717,-75.7455,1,0,1,1,0,0,1,3,1,2,0,0,1,11,0
245,9/11/2020,120453,39.680148,-75.7496,2,2,0,0,0,0,0,2,1,2,0,0,0,0,0
246,9/11/2020,121843,39.683715,-75.7454,1,0,1,1,0,0,1,3,0,2,0,1,0,0,0
247,9/11/2020,120453,39.680143,-75.7496,2,2,0,0,0,0,0,3,1,2,0,0,0,0,0
248,9/16/2020,103217,39.676588,-75.7485,2,4,1,1,0,0,1,2,1,2,0,1,0,0,0
249,9/11/2020,120453,39.680109,-75.7496,2,2,0,0,0,0,1,2,1,2,0,0,0,0,1
250,9/16/2020,103223,39.676632,-75.7483,2,2,1,1,0,0,1,3,0,1,0,0,0,0,0
251,9/11/2020,120617,39.679621,-75.7497,2,3,0,0,0,0,0,2,1,2,0,1,0,0,1
252,9/16/2020,103245,39.676967,-75.7485,1,0,1,1,0,0,1,2,1,2,0,1,0,0,0
253,9/11/2020,120617,39.679616,-75.7497,2,3,0,0,0,0,0,2,1,1,0,0,0,0,0
254,9/11/2020,110328,39.683554,-75.7461,1,0,1,1,0,0,1,4,1,1,0,0,1,7,0
255,9/16/2020,103245,39.676958,-75.7485,1,0,1,1,0,0,1,2,1,1,0,0,0,0,0
256,9/11/2020,110331,39.683512,-75.7463,2,3,1,0,1,0,0,3,0,2,0,1,1,10,0
257,9/16/2020,103245,39.676955,-75.7485,1,0,1,1,0,0,1,2,0,1,0,0,0,0,0
258,9/11/2020,110331,39.683518,-75.7463,2,3,1,0,2,3,0,2,1,2,0,0,1,9,0
259,9/16/2020,103245,39.676969,-75.7485,1,0,1,1,0,0,1,2,1,1,0,0,0,0,0
260,9/11/2020,110333,39.683665,-75.7462,2,4,1,0,0,0,1,3,0,2,0,1,0,0,0
261,9/16/2020,103249,39.67696,-75.7487,1,0,1,1,0,0,1,2,1,1,0,0,0,0,1
262,9/11/2020,110344,39.683599,-75.7467,2,2,1,1,0,0,0,3,0,2,0,1,0,0,0
263,9/16/2020,103258,39.676953,-75.7488,1,0,1,1,0,0,1,2,0,1,0,0,1,6,0
264,9/11/2020,110344,39.683605,-75.7467,2,2,1,1,0,0,0,3,0,1,0,1,0,0,0
265,9/16/2020,103307,39.677003,-75.7485,1,0,1,1,0,0,1,3,1,1,0,1,0,0,0
266,9/11/2020,110402,39.683596,-75.747,2,3,1,1,0,0,0,4,1,2,0,0,0,0,0
267,9/16/2020,103324,39.677046,-75.7484,2,4,1,1,0,0,0,2,1,1,0,0,0,0,0
268,9/11/2020,110402,39.683598,-75.747,2,3,1,1,0,0,0,4,1,2,0,0,0,0,0
269,9/16/2020,103324,39.677124,-75.7484,2,4,1,1,0,0,0,2,1,2,0,1,0,0,0
270,9/11/2020,110409,39.68344,-75.7471,2,3,0,0,0,0,1,2,1,2,0,0,0,0,0
271,9/16/2020,103324,39.677117,-75.7484,1,0,1,1,0,0,1,3,0,2,0,1,0,0,0
272,9/11/2020,110414,39.683415,-75.7472,2,3,1,0,2,6,0,2,1,1,0,0,0,0,0
273,9/16/2020,103325,39.677107,-75.7485,1,0,0,0,0,0,1,2,1,2,0,0,0,0,0
274,9/11/2020,110414,39.683421,-75.7472,2,3,1,0,2,3,0,2,1,2,0,0,0,0,0
275,9/16/2020,103402,39.676936,-75.7475,2,1,0,0,0,0,1,2,1,1,0,0,0,0,0
276,9/11/2020,110414,39.683417,-75.7472,2,3,1,1,0,0,1,2,1,2,0,0,0,0,0
277,9/16/2020,103409,39.67692,-75.7472,2,4,0,0,0,0,1,2,1,1,0,0,0,0,0
278,9/11/2020,110428,39.683396,-75.7474,1,0,0,0,0,0,1,3,1,1,0,0,1,7,0
279,9/16/2020,103425,39.676991,-75.7475,2,4,1,0,2,3,1,2,1,1,0,0,0,0,0
280,9/11/2020,110428,39.683401,-75.7474,2,3,1,0,0,6,0,2,1,1,0,0,0,0,0
281,9/16/2020,103639,39.677774,-75.75,2,2,1,0,0,6,1,2,1,2,0,0,0,0,0
282,9/11/2020,110428,39.683409,-75.7474,2,3,1,1,0,0,0,3,1,1,0,1,0,0,0
283,9/16/2020,103643,39.677805,-75.75,2,2,1,0,0,6,0,2,1,2,0,0,0,0,0
284,9/11/2020,110428,39.683413,-75.7474,2,3,0,0,0,0,0,3,1,1,0,1,0,0,0
285,9/16/2020,103643,39.677805,-75.75,2,2,1,0,0,6,0,2,1,2,0,0,0,0,0
286,9/11/2020,110428,39.683415,-75.7473,1,0,0,0,0,0,0,2,1,2,0,0,1,7,0
287,9/16/2020,103716,39.677296,-75.7502,2,1,1,1,0,0,1,2,0,2,0,1,0,0,0
288,9/11/2020,110428,39.683414,-75.7473,1,0,0,0,0,0,0,2,1,2,0,0,1,7,0
289,9/16/2020,103745,39.677348,-75.7514,2,5,0,0,0,0,1,4,1,1,0,1,0,0,0
290,9/11/2020,110434,39.683576,-75.7475,2,3,1,1,0,0,1,2,1,1,0,0,0,0,1
291,9/16/2020,103821,39.677841,-75.7517,2,2,0,0,0,0,1,2,1,2,0,0,0,0,1
292,9/11/2020,110439,39.683389,-75.7474,2,1,1,0,2,6,0,2,1,2,0,0,0,0,0
293,9/16/2020,104041,39.679428,-75.7517,1,0,0,0,0,0,1,2,1,1,0,0,0,0,0
294,9/11/2020,110439,39.68339,-75.7474,2,1,1,1,0,4,0,2,1,1,0,0,0,0,1
295,9/16/2020,104149,39.678737,-75.7513,1,0,1,1,0,0,1,4,1,2,0,1,0,0,0
296,9/11/2020,110439,39.683379,-75.7474,2,2,0,0,0,0,1,2,1,2,0,0,0,0,0
297,9/16/2020,104218,39.678678,-75.7522,2,3,1,1,0,0,1,2,0,1,0,1,0,0,0
298,9/11/2020,110450,39.683407,-75.7476,2,3,0,0,0,0,1,2,1,1,0,0,0,0,0
299,9/16/2020,104238,39.679073,-75.753,1,0,1,1,0,0,1,2,0,2,0,0,0,0,0
300,9/11/2020,110456,39.683409,-75.7478,1,0,0,0,0,0,0,2,1,2,0,0,0,0,0
301,9/16/2020,104238,39.679073,-75.753,1,0,1,1,0,0,1,2,0,2,0,0,0,0,0
302,9/11/2020,110456,39.683412,-75.7478,1,0,0,0,0,0,0,3,1,1,0,1,0,0,0
303,9/16/2020,104343,39.680146,-75.7535,2,2,1,0,0,6,1,3,1,2,0,0,0,0,0
304,9/11/2020,110501,39.683356,-75.7481,1,0,0,0,0,0,0,2,0,2,0,0,1,7,0
305,9/16/2020,104529,39.680881,-75.7554,3,5,0,0,0,0,1,3,1,1,0,0,0,0,0
306,9/11/2020,110501,39.683357,-75.7481,1,0,0,0,0,0,0,2,1,1,0,0,1,7,0
307,9/16/2020,104557,39.681678,-75.7554,4,3,0,0,0,0,1,2,1,1,0,0,0,0,0
308,9/11/2020,110519,39.683363,-75.7482,2,3,0,0,0,0,1,3,0,1,0,0,0,0,0
309,9/16/2020,104651,39.683064,-75.7542,2,4,0,0,0,0,0,2,1,2,0,0,0,0,1
310,9/11/2020,110532,39.683327,-75.7485,2,4,1,0,2,3,0,2,1,2,0,0,0,0,0
311,9/16/2020,104651,39.683064,-75.7542,2,4,0,0,0,0,0,2,1,2,0,0,0,0,0
312,9/11/2020,110532,39.683336,-75.7485,2,4,0,0,0,0,0,2,1,2,0,0,0,0,0
313,9/16/2020,104712,39.682402,-75.7539,1,0,0,0,0,0,1,2,1,1,0,0,0,0,0
314,9/11/2020,110532,39.683365,-75.7486,2,1,1,1,0,0,1,3,1,1,0,0,0,0,0
315,9/16/2020,104717,39.68234,-75.7539,1,0,0,0,0,0,0,2,1,2,0,1,1,7,1
316,9/11/2020,110532,39.683479,-75.7486,1,0,0,0,0,0,0,4,1,1,0,1,1,6,0
317,9/16/2020,104753,39.681593,-75.7535,1,0,1,1,0,0,1,3,1,1,0,1,0,0,0
318,9/11/2020,110535,39.683478,-75.7484,2,3,0,0,0,0,1,2,1,2,0,0,0,0,0
319,9/16/2020,104842,39.680594,-75.7535,2,1,0,0,0,0,0,2,1,2,0,0,0,0,0
320,9/11/2020,110559,39.683476,-75.7487,2,3,0,0,0,0,0,2,1,1,0,0,0,0,0
321,9/16/2020,104842,39.680594,-75.7535,2,1,0,0,0,0,0,2,1,2,0,0,0,0,0
322,9/11/2020,110559,39.68347,-75.7487,2,3,0,0,0,0,0,2,1,1,0,0,0,0,0
323,9/16/2020,105035,39.680995,-75.7512,1,0,0,0,0,0,0,3,1,1,0,0,1,7,0
324,9/11/2020,110559,39.683476,-75.7486,2,3,0,0,0,0,0,2,1,1,0,0,0,0,0
325,9/16/2020,105035,39.680995,-75.7512,1,0,0,0,0,0,0,3,1,1,0,0,1,7,0
326,9/11/2020,110601,39.683324,-75.7487,2,3,1,1,0,4,1,3,1,1,0,0,0,0,1
327,9/16/2020,105127,39.68144,-75.7504,1,0,0,0,0,0,1,2,1,2,0,1,1,6,0
328,9/11/2020,110608,39.683306,-75.7488,1,0,1,0,2,3,0,2,0,1,0,0,0,0,0
329,9/16/2020,105235,39.681615,-75.7494,2,1,1,0,1,0,0,2,1,2,0,0,0,0,0
330,9/11/2020,110608,39.683304,-75.7488,1,0,1,0,2,3,0,3,1,1,1,1,0,0,0
331,9/16/2020,105235,39.681615,-75.7494,2,1,0,0,0,0,0,2,1,2,0,0,0,0,0
332,9/11/2020,110613,39.68329,-75.7491,2,3,1,1,0,0,1,2,0,1,0,0,0,0,0
333,9/16/2020,105235,39.681577,-75.7494,2,1,1,1,0,0,1,2,1,2,0,0,0,0,0
334,9/11/2020,110615,39.683406,-75.7492,2,5,1,1,0,0,1,3,0,1,0,0,0,0,0
335,9/16/2020,105338,39.680814,-75.7495,2,1,0,0,0,0,1,2,1,1,0,1,0,0,0
336,9/11/2020,110616,39.683419,-75.7494,2,3,1,1,0,0,1,3,1,1,0,0,0,0,0
337,9/16/2020,105439,39.679896,-75.7496,2,1,1,0,0,6,1,2,1,1,0,0,0,0,0
338,9/11/2020,110616,39.683409,-75.7494,2,3,1,1,0,0,1,3,1,2,0,0,0,0,0
339,9/16/2020,105521,39.679615,-75.7496,2,4,1,1,0,0,1,3,0,1,0,0,0,0,0
340,9/11/2020,110646,39.683236,-75.7497,2,3,0,0,0,0,0,3,0,1,0,1,0,0,0
341,9/16/2020,105541,39.679336,-75.7495,1,0,0,0,0,0,1,3,1,1,0,1,1,8,0
342,9/11/2020,110646,39.68324,-75.7497,2,3,1,1,0,0,0,2,1,2,0,0,0,0,0
343,9/16/2020,105551,39.679129,-75.7496,1,0,0,0,0,0,0,2,1,2,0,1,1,7,0
344,9/11/2020,110646,39.683244,-75.7497,2,3,1,0,2,3,0,2,1,2,0,0,0,0,0
345,9/16/2020,105551,39.679129,-75.7496,1,0,0,0,0,0,0,2,1,2,0,0,1,7,0
346,9/11/2020,110646,39.683248,-75.7497,2,3,1,0,2,3,0,2,1,2,0,0,0,0,0
347,9/16/2020,105553,39.679078,-75.7496,1,0,0,0,0,0,1,2,0,1,0,0,0,0,0
348,9/11/2020,110712,39.683237,-75.7498,2,4,1,1,0,0,0,2,0,2,0,1,0,0,0
349,9/16/2020,105633,39.678758,-75.7497,2,3,0,0,0,0,1,2,1,1,0,0,0,0,0
350,9/11/2020,110712,39.683227,-75.7498,2,4,1,1,0,0,0,2,0,2,0,0,0,0,0
351,9/16/2020,105923,39.679226,-75.7478,2,4,1,1,0,4,1,2,1,2,0,1,0,0,1
352,9/11/2020,110718,39.683402,-75.7497,2,4,1,1,0,0,1,4,1,1,0,0,0,0,0
353,9/16/2020,105958,39.679417,-75.747,2,2,0,0,0,0,0,2,1,2,0,0,0,0,0
354,9/11/2020,110721,39.683196,-75.7503,2,3,0,0,0,0,1,3,1,1,0,0,0,0,0
355,9/16/2020,105958,39.679417,-75.747,2,2,0,0,0,0,0,2,1,2,0,0,0,0,0
356,9/11/2020,110726,39.683171,-75.7503,2,3,1,0,2,3,1,2,1,2,0,0,0,0,0
357,9/16/2020,110037,39.680347,-75.7479,2,8,1,0,2,3,1,3,1,1,0,1,0,0,0
358,9/11/2020,11911,39.683022,-75.7525,2,3,0,0,0,0,0,1,1,2,0,0,0,0,0
359,9/16/2020,110208,39.681504,-75.7486,1,0,0,0,0,0,1,3,0,2,0,1,0,0,1
360,9/11/2020,11911,39.683024,-75.7525,2,3,0,0,0,0,0,4,1,1,0,1,0,0,0
361,9/16/2020,110255,39.682096,-75.7475,2,4,1,1,0,0,1,2,1,2,0,0,0,0,0
362,9/11/2020,111000,39.682965,-75.7533,2,3,1,1,0,0,1,2,0,2,0,0,0,0,0
363,9/16/2020,110325,39.682296,-75.7463,2,4,0,0,0,0,1,2,0,2,0,1,0,0,0
364,9/11/2020,111009,39.683091,-75.7535,2,3,1,0,0,0,0,2,1,2,0,0,0,0,0
365,9/16/2020,110410,39.682942,-75.7454,2,2,0,0,0,0,0,2,1,2,0,0,0,0,0
366,9/11/2020,111009,39.683096,-75.7535,2,3,0,0,0,0,0,2,1,2,0,0,0,0,0
367,9/16/2020,110410,39.682942,-75.7454,2,2,0,0,0,0,0,2,1,2,0,0,0,0,0
368,9/16/2020,122359,39.683548,-75.7458,2,3,1,1,0,0,1,3,1,1,0,1,0,0,0
369,9/11/2020,111009,39.683096,-75.7535,2,3,0,0,0,0,0,2,1,2,0,0,0,0,0
370,9/16/2020,122406,39.683546,-75.7459,2,3,0,0,0,0,1,2,0,1,0,0,0,0,0
371,9/11/2020,111009,39.6831,-75.7535,2,3,0,0,0,0,0,2,1,2,0,0,0,0,0
372,9/16/2020,122440,39.683458,-75.7469,2,3,1,1,0,0,1,2,0,1,0,0,0,0,0
373,9/11/2020,111033,39.682946,-75.7535,2,3,0,0,0,0,0,2,1,2,0,0,0,0,0
374,9/16/2020,122444,39.683419,-75.7469,2,3,1,0,2,6,0,2,1,2,0,0,0,0,0
375,9/11/2020,111033,39.682952,-75.7535,2,3,0,0,0,0,0,2,1,1,0,0,0,0,0
376,9/16/2020,122444,39.683459,-75.7469,2,3,1,0,2,6,0,2,1,2,0,1,0,0,0
377,9/11/2020,111049,39.682952,-75.7538,1,0,1,1,0,0,0,2,1,2,0,0,0,0,0
378,9/16/2020,122444,39.683439,-75.7469,2,3,1,0,2,6,0,2,1,2,0,0,0,0,0
379,9/11/2020,111049,39.68294,-75.7537,1,0,1,1,0,0,0,2,1,2,0,0,0,0,0
380,9/16/2020,122446,39.683439,-75.747,2,3,1,1,0,0,1,3,0,2,0,0,0,0,0
381,9/11/2020,111049,39.682927,-75.7537,1,0,1,1,0,0,0,2,1,2,0,0,0,0,0
382,9/16/2020,122456,39.683403,-75.7473,1,0,1,0,2,3,0,2,1,2,0,0,0,0,0
383,9/11/2020,111122,39.683089,-75.7536,1,0,1,1,0,4,1,2,1,2,0,0,0,0,1
384,9/16/2020,122456,39.683439,-75.7473,1,0,0,0,0,0,0,2,1,2,0,1,0,0,0
385,9/11/2020,111204,39.683443,-75.7525,1,0,0,0,0,0,1,3,0,1,0,1,1,0,0
386,9/16/2020,122456,39.683405,-75.7473,2,3,1,1,0,0,1,2,1,2,0,0,0,0,0
387,9/11/2020,111321,39.684031,-75.7527,2,8,1,1,0,0,1,2,0,2,0,0,0,0,0
388,9/16/2020,122505,39.683394,-75.7475,2,2,1,1,0,0,1,2,0,1,0,0,0,0,0
389,9/11/2020,111339,39.68393,-75.7525,2,1,1,1,0,0,1,2,1,1,0,0,0,0,0
390,9/16/2020,122514,39.683416,-75.7475,2,3,1,0,2,6,0,2,1,2,0,0,0,0,0
391,9/11/2020,111508,39.684725,-75.7542,2,2,0,0,0,0,1,2,1,1,0,0,0,0,0
392,9/16/2020,122514,39.683417,-75.7475,2,3,1,0,2,6,0,2,1,2,0,0,0,0,0
393,9/11/2020,111512,39.684946,-75.7544,2,2,0,0,0,0,0,2,1,2,0,0,0,0,0
394,9/16/2020,122514,39.683407,-75.7475,2,3,1,0,2,6,0,2,1,2,0,0,0,0,0
395,9/11/2020,111512,39.684946,-75.7544,2,2,0,0,0,0,0,2,1,2,0,0,0,0,0
396,9/16/2020,122527,39.683338,-75.7474,2,2,1,1,0,0,1,2,1,2,0,0,0,0,0
397,9/11/2020,111517,39.685092,-75.7543,2,2,1,1,0,0,0,2,1,2,0,1,0,0,0
398,9/16/2020,122529,39.683307,-75.7474,2,1,1,1,0,0,1,2,1,2,0,1,0,0,0
399,9/11/2020,111517,39.685111,-75.7543,2,2,1,1,0,0,0,2,0,2,0,1,0,0,0
400,9/16/2020,122534,39.683108,-75.7474,2,1,1,1,0,0,0,4,1,1,0,1,0,0,0
401,9/11/2020,111517,39.685125,-75.7543,2,2,1,1,0,0,0,2,1,1,0,1,0,0,0
402,9/16/2020,122534,39.68311,-75.7474,2,1,1,1,0,0,0,4,1,1,0,1,0,0,0
403,9/11/2020,111535,39.684737,-75.7544,2,1,1,1,0,0,0,2,0,2,0,1,0,0,0
404,9/16/2020,122549,39.6834,-75.7477,2,3,1,1,0,0,1,2,0,1,0,0,0,0,0
405,9/11/2020,111535,39.684736,-75.7544,2,1,1,1,0,0,0,2,1,2,0,0,0,0,0
406,9/16/2020,122551,39.683396,-75.7478,2,3,0,0,0,0,1,2,1,2,0,0,0,0,0
407,9/11/2020,111603,39.685731,-75.7545,2,2,1,1,0,0,1,3,0,1,0,1,0,0,0
408,9/16/2020,122603,39.683372,-75.748,3,3,0,0,0,0,1,2,1,2,0,0,0,0,0
409,9/11/2020,111609,39.685743,-75.7544,2,2,1,1,0,4,1,2,1,1,0,0,0,0,1
410,9/16/2020,122608,39.683369,-75.748,1,0,1,0,2,3,1,3,0,2,0,1,1,7,0
411,9/11/2020,111637,39.686693,-75.7546,2,2,1,0,2,3,1,2,1,1,0,0,0,0,1
412,9/16/2020,122608,39.683368,-75.748,2,3,1,1,0,0,1,3,0,2,0,0,0,0,1
413,9/11/2020,111751,39.689017,-75.754,2,2,1,1,0,4,1,4,1,2,0,0,0,0,1
414,9/16/2020,122610,39.683371,-75.748,1,0,1,1,0,0,1,3,1,1,0,0,1,3,0
415,9/11/2020,111751,39.688998,-75.754,2,2,1,1,0,0,1,4,1,1,0,0,0,0,0
416,9/16/2020,122612,39.68338,-75.748,1,0,1,0,0,0,0,3,0,1,0,1,1,2,0
417,9/11/2020,111815,39.689966,-75.7548,2,6,1,0,2,6,1,2,1,2,0,0,0,0,0
418,9/16/2020,122612,39.683381,-75.748,1,0,1,0,0,0,0,3,0,2,0,1,1,2,1
419,9/11/2020,111943,39.689244,-75.7568,2,4,0,0,0,0,0,1,1,2,0,0,0,0,1
420,9/16/2020,122618,39.683358,-75.7481,2,3,1,1,0,0,1,2,1,1,0,1,0,0,0
421,9/11/2020,111943,39.689233,-75.7568,2,4,1,1,0,0,0,3,1,1,0,1,0,0,0
422,9/16/2020,122627,39.683316,-75.7486,4,3,1,1,0,0,1,2,2,2,0,0,0,0,0
423,9/11/2020,111948,39.689182,-75.7569,2,4,1,1,0,0,0,2,1,2,0,0,0,0,0
424,9/16/2020,122628,39.683461,-75.7488,1,0,0,0,0,0,0,4,1,1,0,1,0,0,0
425,9/11/2020,111948,39.689192,-75.7569,2,4,1,1,0,0,0,2,1,1,0,0,0,0,0
426,9/16/2020,122652,39.683333,-75.7485,2,3,1,1,0,0,1,2,1,1,0,0,0,0,0
427,9/11/2020,112123,39.690021,-75.7582,2,6,1,1,0,0,1,3,0,1,0,1,0,0,0
428,9/16/2020,122709,39.683208,-75.7492,2,1,1,1,0,0,1,2,1,1,0,1,0,0,0
429,9/11/2020,112206,39.691491,-75.7593,2,6,1,1,0,0,1,2,1,1,0,0,0,0,0
430,9/16/2020,122719,39.683254,-75.7495,2,4,1,1,0,0,1,2,1,2,0,0,0,0,0
431,9/11/2020,112604,39.691808,-75.7602,2,7,1,1,0,0,1,2,1,2,0,1,0,0,0
432,9/16/2020,122730,39.68334,-75.7497,2,4,1,0,0,1,1,3,1,1,0,1,1,5,0
433,9/11/2020,113749,39.67684,-75.7472,3,1,0,0,0,0,1,2,1,2,0,0,0,0,0
434,9/16/2020,122734,39.683234,-75.7497,2,4,0,0,0,0,0,2,1,2,0,1,0,0,0
435,9/11/2020,113801,39.677058,-75.748,2,3,1,0,2,6,1,4,0,1,0,0,0,0,0
436,9/16/2020,122734,39.683225,-75.7497,2,4,0,0,0,0,1,3,1,1,0,0,0,0,0
437,9/11/2020,113809,39.677048,-75.7487,2,8,1,1,0,0,0,4,1,2,0,1,0,0,0
438,9/16/2020,122740,39.683204,-75.7501,2,3,1,1,0,0,0,3,0,2,0,1,0,0,0
439,9/11/2020,113809,39.677036,-75.7487,2,8,1,1,0,0,0,4,1,1,0,0,0,0,0
440,9/16/2020,122740,39.683345,-75.7502,2,3,1,1,0,0,0,3,0,2,0,1,0,0,0
441,9/11/2020,113821,39.677307,-75.749,2,6,1,1,0,4,0,2,1,1,0,0,0,0,1
442,9/16/2020,122750,39.683083,-75.7499,2,4,1,1,0,0,0,2,1,2,0,0,0,0,0
443,9/11/2020,113821,39.677319,-75.749,2,6,1,1,0,0,0,3,0,1,0,1,0,0,0
444,9/11/2020,113928,39.677116,-75.7501,6,1,1,0,2,3,1,2,1,1,0,0,0,0,0
445,9/11/2020,114006,39.67749,-75.75,2,4,1,1,0,0,1,3,0,2,0,0,0,0,0
446,9/11/2020,114025,39.677111,-75.7502,2,1,1,1,0,0,1,2,0,1,0,0,0,0,0
447,9/11/2020,114025,39.677338,-75.7502,2,2,1,1,0,0,1,2,0,2,0,0,0,0,0
448,9/11/2020,114055,39.677498,-75.75,2,3,1,1,0,0,0,2,1,2,0,0,0,0,0
449,9/11/2020,114055,39.677503,-75.7501,2,3,1,0,2,6,0,2,1,2,0,0,0,0,0
450,9/11/2020,114110,39.677403,-75.7502,2,6,0,0,0,0,1,2,1,1,0,0,0,0,0
451,9/22/2020,104742,39.676151,-75.7483,2,4,0,0,0,0,1,3,1,1,0,0,0,0,0
452,9/22/2020,105009,39.67687,-75.7467,2,4,0,0,0,0,0,2,1,2,0,0,0,0,0
453,9/22/2020,105009,39.676862,-75.7467,2,4,0,0,0,0,0,2,1,2,0,0,0,0,0
454,9/22/2020,105118,39.67749,-75.7494,6,3,0,0,0,0,1,2,1,1,0,0,0,0,0
455,9/22/2020,105131,39.677559,-75.7501,6,2,1,1,0,0,1,2,0,1,0,0,1,9,0
456,9/22/2020,105238,39.677479,-75.7505,3,3,0,0,0,0,1,2,1,2,0,0,0,0,0
457,9/22/2020,105243,39.677516,-75.7507,2,3,1,1,0,0,1,3,0,1,0,1,1,9,1
458,9/22/2020,105303,39.677631,-75.7513,4,4,9,9,9,9,1,3,1,1,0,0,0,0,0
459,9/22/2020,105405,39.678045,-75.7523,2,1,0,0,0,6,1,4,1,1,0,0,0,0,0
460,9/22/2020,105430,39.678507,-75.7522,2,6,1,1,0,0,1,2,1,1,0,0,0,0,0
461,9/22/2020,105518,39.678329,-75.7514,2,2,1,1,0,0,0,2,0,1,0,0,0,0,0
462,9/22/2020,105518,39.678337,-75.7515,2,2,1,0,1,0,0,3,0,1,0,1,0,0,0
463,9/22/2020,105518,39.67832,-75.7514,2,2,1,1,0,0,0,3,0,2,0,1,0,0,0
464,9/22/2020,105518,39.678306,-75.7514,2,2,1,1,0,0,0,3,0,1,0,1,0,0,0
465,9/22/2020,105605,39.678982,-75.7517,1,0,0,0,0,0,1,2,0,2,0,0,0,0,0
466,9/22/2020,105609,39.679206,-75.7517,2,2,0,0,0,0,0,2,1,2,0,0,0,0,0
467,9/22/2020,105609,39.679192,-75.7517,2,2,0,0,0,6,0,2,1,2,0,0,0,0,0
468,9/22/2020,105615,39.679418,-75.7517,1,0,0,0,0,0,1,2,1,2,0,0,0,0,1
469,9/22/2020,105615,39.679443,-75.7517,1,0,0,0,0,0,1,2,1,2,0,0,0,0,0
470,9/22/2020,105615,39.679428,-75.7517,1,0,0,0,0,0,1,2,1,2,0,0,0,0,0
471,9/22/2020,105750,39.677948,-75.7517,2,1,1,1,0,0,1,3,0,2,0,1,0,0,1
472,9/22/2020,105800,39.6782,-75.7521,1,0,0,0,0,0,1,2,1,1,0,0,0,0,0
473,9/22/2020,105808,39.67856,-75.7523,1,0,1,1,0,0,1,2,1,1,0,0,1,9,0
474,9/22/2020,105814,39.678815,-75.7525,2,2,0,0,0,0,1,3,1,2,0,0,0,0,0
475,9/22/2020,105830,39.679305,-75.753,1,0,0,0,0,0,1,3,1,1,0,0,1,11,0
476,9/22/2020,110133,39.681039,-75.7556,2,4,9,9,9,9,1,2,1,2,0,1,0,0,0
477,9/22/2020,110133,39.681027,-75.7556,2,4,0,0,0,0,1,2,1,1,0,0,1,9,0
478,9/22/2020,110251,39.683035,-75.7543,2,2,0,0,0,0,0,2,1,2,0,0,1,9,1
479,9/22/2020,110251,39.68296,-75.7542,2,2,1,1,0,0,0,2,1,2,0,0,0,0,0
480,9/22/2020,110251,39.683035,-75.7543,2,1,0,0,0,0,1,2,1,1,0,0,0,0,0
481,9/22/2020,110308,39.682534,-75.754,1,0,0,0,0,0,1,2,1,2,0,0,0,0,0
482,9/22/2020,110315,39.682325,-75.7539,1,0,0,0,0,0,0,2,1,2,0,0,1,12,1
483,9/22/2020,110315,39.682324,-75.7539,1,0,0,0,0,0,0,2,1,2,0,0,1,12,0
484,9/22/2020,110315,39.68232,-75.7539,1,0,0,0,0,0,0,2,1,2,0,0,1,12,1
485,9/22/2020,110315,39.682304,-75.7539,1,0,0,0,0,0,0,2,1,2,0,1,1,12,0
486,9/22/2020,110315,39.682304,-75.7539,1,0,0,0,0,0,0,2,1,2,0,1,1,12,0
487,9/22/2020,110316,39.68228,-75.7539,1,0,0,0,0,0,9,9,9,9,9,9,0,0,0
488,9/22/2020,110316,39.682273,-75.7539,1,0,0,0,0,0,9,9,9,9,9,9,0,0,0
525,9/22/2020,110529,39.681502,-75.753542,2,2,0,0,9,9,0,2,1,1,0,1,0,0,0
526,9/22/2020,110529,39.681502,-75.753534,2,2,0,0,9,9,0,2,1,2,0,1,0,0,0
527,9/22/2020,110529,39.681511,-75.75353,4,2,0,0,9,9,0,2,1,1,0,0,0,0,0
528,9/22/2020,110602,39.681672,-75.75252,2,1,0,0,9,9,0,2,0,1,0,0,0,0,0
529,9/22/2020,110602,39.681673,-75.752513,2,1,0,0,9,9,0,2,0,1,0,0,0,0,0
530,9/22/2020,110609,39.681888,-75.752215,1,9,0,0,9,9,1,2,1,2,0,1,0,0,0
531,9/22/2020,110614,39.682118,-75.752309,1,9,0,0,9,9,0,2,1,2,0,1,0,0,0
532,9/22/2020,110614,39.682112,-75.752303,1,9,0,0,9,9,0,2,1,2,0,1,0,0,0
533,9/22/2020,110615,39.682206,-75.752244,2,2,0,0,9,9,1,2,1,2,0,0,0,0,0
535,9/22/2020,110625,39.682447,-75.752365,1,9,0,0,9,9,1,3,1,2,0,1,0,0,0
536,9/22/2020,110630,39.682761,-75.752327,2,1,0,0,9,9,1,2,1,1,0,0,0,0,0
540,9/22/2020,110636,39.682883,-75.752528,1,9,0,0,9,9,0,3,1,2,0,0,0,0,0
541,9/22/2020,110636,39.682885,-75.752517,1,9,0,0,9,9,0,1,1,2,0,0,0,0,0
542,9/22/2020,110636,39.682878,-75.752518,1,9,0,0,9,9,0,1,1,2,0,0,0,0,0
543,9/22/2020,110658,39.682065,-75.752772,1,9,0,0,9,9,1,2,1,2,0,0,0,0,0
544,9/22/2020,110706,39.6818,-75.752566,2,4,0,0,9,9,1,2,1,2,0,0,0,0,0
550,9/22/2020,111203,39.679743,-75.749606,2,2,0,0,9,9,0,2,1,2,0,0,0,0,0
551,9/22/2020,111203,39.679742,-75.749631,2,2,0,0,9,9,0,2,1,2,0,0,0,0,0
554,9/22/2020,111349,39.679147,-75.749639,1,9,0,0,9,9,0,2,1,2,0,0,0,0,0
555,9/22/2020,111349,39.679129,-75.749641,1,9,0,0,9,9,0,2,1,2,0,0,0,0,0
556,9/22/2020,111349,39.679081,-75.749649,1,9,0,0,9,9,1,2,1,2,0,0,0,0,0
559,9/22/2020,111424,39.679052,-75.749321,1,9,0,0,9,9,1,2,1,2,0,0,0,0,0
560,9/22/2020,111639,39.679428,-75.748413,2,3,0,0,9,9,1,2,1,1,0,0,0,0,0
562,9/22/2020,112122,39.682365,-75.745556,2,4,0,0,9,9,1,2,0,1,0,0,0,0,0
587,9/22/2020,124600,39.685844,-75.754551,2,6,0,0,9,9,0,2,0,2,0,1,9,0,0
591,9/22/2020,124612,39.686458,-75.75446,2,6,0,0,9,9,1,2,0,2,0,0,9,0,0
592,9/22/2020,124638,39.687143,-75.754768,3,2,0,0,9,9,1,2,1,2,0,0,9,0,0
593,9/22/2020,124742,39.689462,-75.756693,2,2,0,0,9,9,1,2,1,2,0,0,9,0,0
594,9/22/2020,124750,39.689565,-75.756809,2,2,0,0,9,9,1,2,1,2,0,0,9,0,0
595,9/22/2020,124808,39.689977,-75.757192,2,2,0,0,9,9,1,2,1,1,0,0,9,0,0
2001,9/28/2020,123429,39.683527,-75.745432,1,2,0,0,9,9,1,3,0,1,0,0,0,0,0
2004,9/28/2020,123452,39.683594,-75.745366,2,4,0,0,9,9,0,2,1,2,0,0,0,0,0
2005,9/28/2020,123452,39.683598,-75.745342,2,4,0,0,9,9,0,2,1,1,0,0,0,0,0
2006,9/28/2020,123452,39.683588,-75.745341,2,4,0,0,9,9,0,2,1,2,0,0,0,0,0
2010,9/28/2020,123513,39.68339,-75.746464,1,1,0,0,9,9,1,3,1,1,0,0,1,9,1
2011,9/28/2020,123513,39.683474,-75.746543,6,3,0,0,9,9,1,2,0,1,0,0,0,0,0
2012,9/28/2020,123515,39.683645,-75.746576,2,4,0,0,9,9,1,2,1,1,0,0,1,9,0
2013,9/28/2020,123529,39.683425,-75.746975,1,3,0,0,9,9,0,3,1,1,0,0,1,12,9
2014,9/28/2020,123529,39.683426,-75.746984,1,4,0,0,9,9,0,3,1,1,0,0,1,12,9
2019,9/28/2020,123605,39.683373,-75.7479,1,1,0,0,9,9,1,4,1,1,0,0,1,12,9
2020,9/28/2020,123605,39.683344,-75.747933,1,3,0,0,9,9,0,4,1,2,0,0,1,12,9
2021,9/28/2020,123605,39.683345,-75.747946,1,4,0,0,9,9,0,4,1,1,0,1,1,12,9
2022,9/28/2020,123605,39.683368,-75.747968,1,1,0,0,9,9,0,3,1,2,0,0,1,12,9
2023,9/28/2020,123606,39.683513,-75.748029,2,3,0,0,9,9,1,3,1,1,0,1,0,0,9
2025,9/28/2020,123611,39.683364,-75.748195,1,4,0,0,9,9,0,2,1,1,0,1,1,12,9
2026,9/28/2020,123611,39.683363,-75.748206,1,3,0,0,9,9,0,2,1,1,0,0,1,12,9
2027,9/28/2020,123619,39.683323,-75.748532,2,3,0,0,9,9,1,3,1,1,0,0,0,0,9
2029,9/28/2020,123648,39.683453,-75.748764,2,3,0,0,9,9,1,2,1,1,0,0,0,0,9
2030,9/28/2020,123656,39.683284,-75.748967,1,1,0,0,9,9,1,3,1,1,1,0,1,7,9
2031,9/28/2020,123656,39.683283,-75.748987,1,1,0,0,9,9,1,3,1,1,0,1,1,7,9
2032,9/28/2020,123700,39.683279,-75.749185,2,3,0,0,9,9,1,2,1,1,0,0,0,0,9
2033,9/28/2020,123700,39.683275,-75.74923,2,3,0,0,9,9,1,4,1,1,0,0,0,0,9
2037,9/28/2020,123757,39.683302,-75.75094,2,3,0,0,9,9,1,2,1,1,0,0,1,9,9
2040,9/28/2020,123821,39.683081,-75.751508,1,1,0,0,9,9,0,3,1,1,0,0,0,0,9
2041,9/28/2020,123821,39.683083,-75.751524,1,1,0,0,9,9,0,2,1,1,0,0,0,0,9
2050,9/28/2020,123934,39.683474,-75.752457,1,4,0,0,9,9,0,3,1,2,0,0,0,0,9
2051,9/28/2020,123934,39.683473,-75.752467,1,2,0,0,9,9,0,3,1,2,0,0,0,0,9
2052,9/28/2020,123934,39.683464,-75.752472,1,3,0,0,9,9,0,2,1,1,0,0,0,0,9
2080,9/28/2020,124445,39.686442,-75.754606,2,2,0,0,9,9,1,2,1,2,0,0,1,9,9
2082,9/28/2020,124449,39.686702,-75.754638,2,2,0,0,9,9,1,2,1,1,0,0,0,0,9
2117,9/28/2020,115828,39.676648,-75.74832,1,4,0,0,9,9,0,2,1,2,0,0,0,0,9
2118,9/28/2020,115828,39.676646,-75.748313,1,4,0,0,9,9,0,2,1,2,0,0,0,0,9
2125,9/28/2020,120135,39.677586,-75.751347,3,3,0,0,9,9,1,2,1,1,0,0,0,0,9
2127,9/28/2020,120431,39.6784,-75.752222,1,1,0,0,9,9,1,2,1,2,0,0,1,9,9
2128,9/28/2020,120729,39.679447,-75.751701,1,3,0,0,9,9,1,2,1,2,0,0,1,8,9
2129,9/28/2020,120729,39.679464,-75.751676,1,2,0,0,9,9,1,2,1,2,0,0,1,8,9
2130,9/28/2020,120729,39.679456,-75.751659,1,4,0,0,9,9,1,2,1,2,0,0,1,8,9
2131,9/28/2020,120751,39.679634,-75.75189,4,2,0,0,9,9,1,4,1,1,0,0,0,0,9
2143,9/28/2020,121227,39.682318,-75.753897,1,1,0,0,9,9,1,2,0,1,0,0,1,12,9
2144,9/28/2020,121228,39.682256,-75.753869,1,1,0,0,9,9,1,2,0,2,0,0,1,12,9
2154,9/28/2020,121501,39.682512,-75.752274,2,2,0,0,2,9,0,2,1,2,0,0,1,9,9
2157,9/28/2020,121508,39.6824,-75.752537,1,1,0,0,9,9,1,2,1,2,0,0,1,7,9
2158,9/28/2020,121508,39.68241,-75.752548,1,3,0,0,9,9,1,2,1,2,0,0,1,7,9
2159,9/28/2020,121508,39.682423,-75.752538,1,2,0,0,9,9,1,2,1,2,0,0,1,7,9
2160,9/28/2020,121508,39.682412,-75.752519,1,4,0,0,9,9,1,2,1,2,0,0,1,7,9
2161,9/28/2020,121636,39.681052,-75.750423,2,1,0,0,9,9,1,2,1,1,0,0,1,9,9
2162,9/28/2020,121643,39.680929,-75.750333,1,3,0,0,9,9,1,3,1,1,0,0,1,5,9
2163,9/28/2020,121643,39.680918,-75.750347,1,3,0,0,9,9,1,3,1,1,0,0,1,5,9
2165,9/28/2020,121748,39.681976,-75.750253,3,4,0,0,9,9,1,2,1,1,0,0,0,0,9
2166,9/28/2020,121748,39.681978,-75.750222,3,4,0,0,9,9,1,2,1,1,0,0,0,0,9
2167,9/28/2020,121846,39.680997,-75.749498,2,2,0,0,9,9,1,2,0,2,0,0,1,9,9
2178,9/28/2020,122843,39.682319,-75.746441,1,4,0,0,9,9,1,4,1,2,0,0,1,9,9
2180,9/16/2020,122817,39.683174,-75.750765,1,9,0,0,9,9,1,4,1,2,0,1,1,5,0
2183,9/16/2020,122830,39.683103,-75.7511,2,4,0,0,9,9,1,2,1,1,0,0,1,9,0
2184,9/16/2020,122830,39.683126,-75.75109,1,9,0,0,9,9,0,4,1,1,0,0,0,0,0
2185,9/16/2020,122830,39.683126,-75.751082,1,9,0,0,9,9,0,2,1,2,0,1,1,2,0
2186,9/16/2020,122830,39.683127,-75.751092,1,9,0,0,9,9,0,3,1,2,0,1,1,2,0
1570,9/22/2020,123216,39.68344,-75.747303,1,9,0,0,9,9,1,2,0,1,0,0,1,9,9
1579,9/22/2020,123349,39.68315,-75.749224,1,9,0,0,9,9,0,2,1,2,0,0,1,8,9
1580,9/22/2020,123408,39.683255,-75.749358,2,3,0,0,9,9,1,2,1,1,0,0,1,9,9
1582,9/22/2020,123438,39.68334,-75.750358,2,3,0,0,9,9,1,2,1,2,0,0,0,0,9
1583,9/22/2020,123447,39.68315,-75.75046,1,9,0,0,9,9,1,3,1,1,0,0,0,0,9
1588,9/22/2020,123508,39.683236,-75.751367,2,1,0,0,9,9,0,2,1,2,0,0,0,0,9
1589,9/22/2020,123508,39.68324,-75.751354,2,1,0,0,9,9,0,2,1,2,0,0,0,0,9
1590,9/22/2020,123517,39.683087,-75.751268,1,9,0,0,9,9,1,3,0,1,0,0,1,8,9
1593,9/22/2020,123530,39.683062,-75.751801,1,9,0,0,9,9,0,3,1,1,0,0,1,12,9
1598,9/22/2020,123605,39.682993,-75.752828,3,3,0,0,9,9,1,2,1,2,0,0,0,0,9
1599,9/22/2020,123615,39.683141,-75.752836,2,4,0,0,9,9,1,2,0,2,0,0,0,0,9
524,9/22/2020,110433,39.68162,-75.753603,4,6,1,1,9,9,1,2,1,2,0,0,0,0,0
534,9/22/2020,110621,39.682382,-75.752285,2,2,1,1,9,9,1,2,1,2,0,0,0,0,0
537,9/22/2020,110634,39.68278,-75.752325,1,9,1,1,9,9,0,2,1,2,0,1,1,9,0
538,9/22/2020,110634,39.682775,-75.752315,1,9,1,1,9,9,0,2,0,2,0,0,1,9,0
539,9/22/2020,110634,39.682768,-75.752323,1,9,1,1,9,9,0,2,1,2,0,0,0,0,0
545,9/22/2020,110812,39.681461,-75.751527,2,3,1,1,9,9,1,2,0,2,0,0,0,0,0
546,9/22/2020,110917,39.681175,-75.750351,2,1,1,1,9,9,1,2,1,1,0,0,0,0,0
547,9/22/2020,111026,39.68191,-75.749581,2,3,1,1,9,9,0,2,0,2,0,0,0,0,0
548,9/22/2020,111026,39.681896,-75.749576,2,3,1,1,9,9,0,2,1,1,0,0,0,0,1
549,9/22/2020,111036,39.681596,-75.749456,2,1,1,1,9,9,1,2,1,1,0,0,0,0,0
552,9/22/2020,111207,39.679521,-75.74977,2,4,1,1,9,9,1,2,0,2,0,1,0,0,0
553,9/22/2020,111233,39.680098,-75.74916,2,1,1,1,9,9,1,2,1,2,0,1,0,0,0
557,9/22/2020,111353,39.67903,-75.749877,2,2,1,1,9,9,0,3,1,2,0,1,0,0,0
558,9/22/2020,111353,39.67903,-75.749886,2,2,1,1,9,9,0,3,1,2,0,1,0,0,0
561,9/22/2020,112000,39.681646,-75.747313,2,2,1,1,9,9,1,3,1,1,0,0,0,0,0
563,9/22/2020,112125,39.682359,-75.745314,2,1,1,1,9,9,1,2,1,1,0,0,0,0,0
584,9/22/2020,123832,39.68481,-75.753695,2,3,1,1,9,9,1,3,1,2,0,1,9,0,0
585,9/22/2020,123858,39.684194,-75.753793,2,2,1,1,9,9,1,3,0,1,0,0,9,0,0
586,9/22/2020,124305,39.685276,-75.754699,1,9,1,0,2,9,1,2,0,1,0,0,9,0,9
588,9/22/2020,124600,39.685846,-75.754544,2,6,1,1,9,9,0,2,0,2,0,0,9,0,0
589,9/22/2020,124600,39.685839,-75.754542,2,6,1,1,9,9,0,2,1,2,0,0,9,0,0
590,9/22/2020,124600,39.685828,-75.754487,2,6,1,1,9,9,1,4,1,1,0,0,9,0,0
2002,9/28/2020,123452,39.683722,-75.745397,2,4,1,1,9,9,0,2,1,2,0,0,0,0,0
2003,9/28/2020,123452,39.683713,-75.745384,2,4,1,1,9,9,0,2,1,2,0,0,0,0,0
2007,9/28/2020,123501,39.68354,-75.745814,2,3,1,1,9,9,0,3,0,2,0,0,0,0,0
2008,9/28/2020,123501,39.683541,-75.745822,2,3,1,1,9,9,0,2,0,1,0,0,0,0,0
2009,9/28/2020,123501,39.683535,-75.745826,2,3,1,0,2,9,0,3,0,1,0,0,0,0,0
2015,9/28/2020,123529,39.683445,-75.746983,2,3,1,1,9,9,0,2,1,2,0,0,0,0,9
2016,9/28/2020,123529,39.683452,-75.74698,2,3,1,1,9,9,0,2,1,2,0,0,1,9,9
2017,9/28/2020,123540,39.683418,-75.747395,2,4,1,0,2,9,0,1,0,1,0,0,0,0,9
2018,9/28/2020,123540,39.683417,-75.747415,2,4,1,0,2,9,0,3,0,2,0,0,0,0,9
2024,9/28/2020,123610,39.683357,-75.748117,2,4,1,1,9,9,1,2,1,1,0,0,0,0,9
2028,9/28/2020,123644,39.683322,-75.748596,1,1,1,0,2,9,0,2,1,2,0,0,1,9,9
2034,9/28/2020,123740,39.683293,-75.750337,2,3,1,1,9,9,1,2,1,2,0,0,1,9,9
2035,9/28/2020,123740,39.683348,-75.750292,2,3,1,1,9,9,1,2,1,2,0,0,0,0,9
2036,9/28/2020,123744,39.683327,-75.750486,2,3,1,1,9,9,1,2,1,2,0,0,0,0,9
2038,9/28/2020,123759,39.683276,-75.751131,2,3,1,1,9,9,1,2,0,1,0,0,1,9,9
2039,9/28/2020,123812,39.683146,-75.751366,2,3,1,1,9,9,1,2,1,2,0,0,1,9,9
2042,9/28/2020,123823,39.683214,-75.751795,2,3,1,1,9,9,1,2,1,2,0,0,1,11,9
2043,9/28/2020,123823,39.683219,-75.751767,2,3,1,1,9,9,1,3,1,2,0,0,0,0,9
2044,9/28/2020,123823,39.683222,-75.751735,2,3,1,1,9,9,0,3,1,2,0,1,0,0,9
2045,9/28/2020,123843,39.683136,-75.752344,1,2,1,1,9,9,1,2,0,1,0,0,1,9,1
2046,9/28/2020,123934,39.682939,-75.753623,2,4,1,1,9,9,0,2,1,2,0,0,0,0,9
2047,9/28/2020,123934,39.682946,-75.753635,2,4,1,1,9,9,0,2,1,2,0,1,1,9,9
2048,9/28/2020,123934,39.682925,-75.753699,2,3,1,1,9,9,1,2,1,1,0,0,0,0,9
2049,9/28/2020,123934,39.683471,-75.75244,1,4,1,0,2,9,0,3,1,2,0,0,0,0,9
2053,9/28/2020,123955,39.684092,-75.752553,1,1,1,1,9,9,1,3,1,1,0,0,0,0,9
2054,9/28/2020,123955,39.684074,-75.752547,1,1,1,1,9,9,1,2,1,2,0,0,1,9,9
2055,9/28/2020,123955,39.684097,-75.752546,1,1,1,1,9,9,0,2,1,1,0,0,0,0,9
2056,9/28/2020,123955,39.684106,-75.752546,1,1,1,1,9,9,0,2,1,2,0,0,0,0,9
2057,9/28/2020,123955,39.684083,-75.752534,1,1,1,1,9,9,0,2,1,2,0,0,0,0,9
2058,9/28/2020,123955,39.684096,-75.752524,1,1,1,1,9,9,0,2,1,2,0,0,0,0,9
2059,9/28/2020,123955,39.684061,-75.752531,1,1,1,1,9,9,1,2,1,2,0,0,1,7,9
2060,9/28/2020,123955,39.684124,-75.752521,1,2,1,1,9,9,1,2,1,1,0,0,0,0,9
2061,9/28/2020,123955,39.684185,-75.75252,1,3,1,0,2,9,0,3,1,2,0,0,0,0,9
2062,9/28/2020,123955,39.684187,-75.752502,1,4,1,0,2,9,0,4,1,1,0,0,0,0,9
2063,9/28/2020,123955,39.68411,-75.752509,1,1,1,1,9,9,1,2,1,2,0,0,0,0,9
2064,9/28/2020,123955,39.684102,-75.75249,1,1,1,1,9,9,1,3,1,2,0,0,0,0,9
2065,9/28/2020,123955,39.684086,-75.75251,1,1,1,1,9,9,1,2,1,1,0,0,0,0,9
2066,9/28/2020,123955,39.684082,-75.752486,1,1,1,1,9,9,1,4,1,1,0,1,0,0,9
2067,9/28/2020,124132,39.684634,-75.754358,2,1,1,1,9,9,1,2,1,1,0,0,0,0,9
2068,9/28/2020,124132,39.684613,-75.754359,2,1,1,0,2,9,1,2,1,1,0,0,0,0,9
2069,9/28/2020,124132,39.684638,-75.75438,2,1,1,1,9,9,1,2,1,2,0,0,0,0,9
2070,9/28/2020,124132,39.684611,-75.75438,2,1,1,1,9,9,1,2,1,1,0,0,1,9,9
2071,9/28/2020,124241,39.685857,-75.754554,2,2,1,1,9,9,1,2,1,2,0,0,1,9,9
2072,9/28/2020,124241,39.685858,-75.754526,2,3,1,1,9,9,1,2,1,1,0,0,1,9,9
2073,9/28/2020,124414,39.685703,-75.754428,2,4,1,1,9,9,0,2,1,2,0,0,1,9,9
2074,9/28/2020,124414,39.685694,-75.754428,2,4,1,1,9,9,0,2,1,2,0,0,0,0,9
2075,9/28/2020,124425,39.685813,-75.754486,2,2,1,1,9,9,1,2,1,2,0,0,1,9,9
2076,9/28/2020,124430,39.685796,-75.754451,2,1,1,1,9,9,1,2,1,2,0,0,0,0,9
2077,9/28/2020,124439,39.685987,-75.754564,2,2,1,1,9,9,0,2,1,1,0,0,0,0,9
2078,9/28/2020,124439,39.685989,-75.754551,2,2,1,0,2,9,0,2,1,1,0,0,0,0,9
2079,9/28/2020,124439,39.685992,-75.75454,2,2,1,1,9,9,0,2,1,1,0,0,0,0,9
2081,9/28/2020,124445,39.686543,-75.754621,2,2,1,9,2,9,1,2,1,1,0,0,0,0,9
2083,9/28/2020,124451,39.686797,-75.754655,2,2,1,1,9,9,0,2,1,2,0,0,0,0,9
2084,9/28/2020,124451,39.686799,-75.754638,2,2,1,1,9,9,0,2,1,1,0,0,0,0,9
2085,9/28/2020,124455,39.686874,-75.754648,2,2,1,1,9,9,1,2,1,2,0,0,0,0,9
2086,9/28/2020,124507,39.687079,-75.754681,2,2,1,1,9,9,1,2,1,2,0,0,1,9,9
2087,9/28/2020,124723,39.689428,-75.756599,2,1,1,1,9,9,1,2,1,2,0,0,1,9,9
2088,9/28/2020,124736,39.689528,-75.756628,2,2,1,1,9,9,1,2,1,1,0,0,0,0,9
2089,9/28/2020,124753,39.689768,-75.757139,2,2,1,0,2,9,1,2,1,1,0,0,0,0,9
2090,9/28/2020,124801,39.690128,-75.757326,2,2,1,1,9,9,1,2,1,1,0,0,0,0,9
2091,9/28/2020,124808,39.690034,-75.75754,2,4,1,1,9,9,1,2,1,2,0,0,0,0,9
2092,9/28/2020,124414,39.690053,-75.757965,2,3,1,1,9,9,1,2,1,2,0,0,0,0,9
2093,9/28/2020,124432,39.690429,-75.758461,2,2,1,1,9,9,1,2,1,1,0,0,1,9,9
2094,9/28/2020,124435,39.690574,-75.758582,2,2,1,1,9,9,1,2,1,1,0,0,1,9,1
2095,9/28/2020,124602,39.690299,-75.75951,2,1,1,1,9,9,1,2,0,1,0,0,0,0,1
2096,9/28/2020,124608,39.690086,-75.759569,2,2,1,0,2,9,1,2,1,2,0,0,0,0,9
2097,9/28/2020,124736,39.691985,-75.759861,2,2,1,1,9,9,1,2,1,2,0,0,0,0,9
2098,9/28/2020,125333,39.691594,-75.760422,2,2,1,1,9,9,1,2,1,1,0,0,1,9,9
2099,9/28/2020,115430,39.675813,-75.745353,2,2,1,1,9,9,1,2,1,2,0,0,0,0,9
2100,9/28/2020,115657,39.676577,-75.748469,2,4,1,1,9,9,1,3,1,2,0,1,0,0,9
2101,9/28/2020,115657,39.676568,-75.748479,2,4,1,1,9,9,1,3,0,2,0,1,0,0,9
2102,9/28/2020,115702,39.676785,-75.74855,1,2,1,1,9,9,1,2,1,2,0,0,1,9,9
2103,9/28/2020,115714,39.67707,-75.748828,1,4,1,1,9,9,1,2,0,1,0,0,1,12,9
2104,9/28/2020,115723,39.676974,-75.748475,1,2,1,1,9,9,0,2,1,2,0,0,0,0,9
2105,9/28/2020,115723,39.676967,-75.748468,1,2,1,1,9,9,0,2,1,1,0,0,0,0,9
2106,9/28/2020,115723,39.676938,-75.748472,1,1,1,1,9,9,1,2,1,2,0,0,1,11,9
2107,9/28/2020,115723,39.67694,-75.748499,1,1,1,1,9,9,1,2,1,2,0,0,1,11,9
2108,9/28/2020,115737,39.677016,-75.747812,2,4,1,1,9,9,0,2,1,2,0,0,0,0,9
2109,9/28/2020,115737,39.677004,-75.747806,2,4,1,1,9,9,0,2,1,2,0,0,0,0,9
2110,9/28/2020,115737,39.676919,-75.747872,2,4,1,1,9,9,1,2,1,2,0,0,0,0,9
2111,9/28/2020,115807,39.676892,-75.747324,1,4,1,1,9,9,1,2,0,1,0,0,0,0,9
2112,9/28/2020,115821,39.676748,-75.747305,2,1,1,0,2,9,0,2,1,2,0,0,0,0,9
2113,9/28/2020,115821,39.676751,-75.747318,2,1,1,1,9,9,0,2,1,2,0,0,0,0,9
2114,9/28/2020,115831,39.676874,-75.746737,2,4,1,1,9,9,1,2,0,2,0,0,1,9,9
2115,9/28/2020,115831,39.676868,-75.746749,2,4,1,1,9,9,1,2,0,1,0,0,0,0,9
2116,9/28/2020,115839,39.676907,-75.747076,2,3,1,1,9,9,1,2,0,2,0,0,0,0,9
2119,9/28/2020,115840,39.677277,-75.748672,1,3,1,1,9,9,1,3,1,1,0,0,0,0,9
2120,9/28/2020,115908,39.677486,-75.749415,2,3,1,1,9,9,0,2,1,2,0,1,0,0,9
2121,9/28/2020,115908,39.677496,-75.749414,2,3,1,1,9,9,0,2,1,2,0,0,0,0,9
2122,9/28/2020,115943,39.677486,-75.750215,2,3,1,1,9,9,1,2,1,2,0,0,0,0,9
2123,9/28/2020,120017,39.677119,-75.749728,1,3,1,1,9,9,1,3,0,2,0,0,1,11,9
2124,9/28/2020,120112,39.677538,-75.750864,2,3,1,1,9,9,1,3,0,1,0,1,0,0,9
2126,9/28/2020,120349,39.677849,-75.752261,1,3,1,1,9,9,1,2,1,2,0,0,1,8,9
2132,9/28/2020,120839,39.679082,-75.753346,1,3,1,1,9,9,0,2,1,2,0,0,0,0,9
2133,9/28/2020,120839,39.679081,-75.753358,1,3,1,1,9,9,0,3,1,1,0,0,0,0,9
2134,9/28/2020,120839,39.679087,-75.753366,1,3,1,1,9,9,0,3,1,1,0,1,0,0,9
2135,9/28/2020,120839,39.679098,-75.753377,1,3,1,1,9,9,0,2,1,2,0,0,0,0,9
2136,9/28/2020,120839,39.679093,-75.753383,1,3,1,1,9,9,0,2,1,2,0,0,0,0,9
2137,9/28/2020,120839,39.679085,-75.753402,1,3,1,1,9,9,1,2,1,1,0,0,1,9,9
2138,9/28/2020,120844,39.679052,-75.753502,1,3,1,1,9,9,0,2,1,1,0,0,0,0,9
2139,9/28/2020,120844,39.679062,-75.753503,1,3,1,1,9,9,0,2,1,2,0,0,0,0,9
2140,9/28/2020,120844,39.679069,-75.753496,1,3,1,1,9,9,0,2,1,2,0,0,0,0,9
2141,9/28/2020,121147,39.68285,-75.754754,2,4,1,1,9,9,1,2,1,1,0,0,0,0,9
2142,9/28/2020,121223,39.682419,-75.754016,2,1,1,1,9,9,1,2,1,1,0,0,0,0,9
2145,9/28/2020,121318,39.68174,-75.753538,2,5,1,1,9,9,1,2,0,2,0,0,1,9,9
2146,9/28/2020,121318,39.681572,-75.753542,2,8,1,1,9,9,1,2,1,1,0,0,0,0,9
2147,9/28/2020,121318,39.681567,-75.753576,2,4,1,1,9,9,1,3,1,1,0,0,0,0,9
2148,9/28/2020,121501,39.682491,-75.752319,2,2,1,0,2,3,0,2,1,1,0,0,0,0,9
2149,9/28/2020,121501,39.682494,-75.752308,2,2,1,1,9,9,0,2,1,1,0,0,0,0,9
2150,9/28/2020,121501,39.682509,-75.752309,2,2,1,1,9,9,0,2,1,1,0,0,0,0,9
2151,9/28/2020,121501,39.682501,-75.752294,2,2,1,0,1,3,0,2,1,1,0,0,0,0,9
2152,9/28/2020,121501,39.682513,-75.752287,2,2,1,1,9,9,0,2,1,1,0,0,0,0,9
2153,9/28/2020,121501,39.682504,-75.752281,2,2,1,0,2,3,0,2,1,2,0,0,1,9,9
2155,9/28/2020,121505,39.682595,-75.752318,2,2,1,1,9,9,0,2,1,2,0,0,0,0,9
2156,9/28/2020,121505,39.682599,-75.752306,2,2,1,1,9,9,0,3,1,2,0,0,0,0,9
2164,9/28/2020,121704,39.681036,-75.750343,2,2,1,1,9,9,1,2,1,1,0,0,0,0,9
2168,9/28/2020,121856,39.681505,-75.749458,2,2,1,1,9,9,1,2,0,1,0,0,0,0,1
2169,9/28/2020,121905,39.681418,-75.749614,2,1,1,9,2,3,0,3,1,1,0,0,0,0,9
2170,9/28/2020,121905,39.681421,-75.749629,2,1,1,0,2,3,0,3,1,1,0,0,0,0,9
2171,9/28/2020,121930,39.680086,-75.749756,2,2,1,1,9,9,1,2,1,1,0,0,0,0,9
2172,9/28/2020,122109,39.679514,-75.749691,2,4,1,1,9,9,1,2,0,1,0,0,1,9,9
2173,9/28/2020,122109,39.679615,-75.749672,2,4,1,1,9,9,1,3,0,1,0,0,0,0,9
2174,9/28/2020,122150,39.679034,-75.749734,2,1,1,1,9,9,1,2,1,2,0,0,1,9,9
2175,9/28/2020,122440,39.67931,-75.748474,2,4,1,1,9,9,1,2,1,2,0,0,0,0,9
2176,9/28/2020,122448,39.67931,-75.748474,2,4,1,1,9,9,1,2,0,1,0,0,0,0,9
2177,9/28/2020,122843,39.682327,-75.746495,2,2,1,1,9,9,1,2,0,1,0,0,1,9,9
2179,9/16/2020,122750,39.683079,-75.749889,2,4,1,1,9,9,0,2,1,2,0,0,0,0,0
2181,9/16/2020,122825,39.683107,-75.751023,1,9,1,1,9,9,1,3,1,1,0,1,1,9,0
2182,9/16/2020,122825,39.68314,-75.750947,2,3,1,1,9,9,1,2,1,1,0,0,0,0,0
1564,9/22/2020,123111,39.683713,-75.745448,2,4,1,1,9,9,0,2,1,2,0,0,0,0,9
1565,9/22/2020,123111,39.68371,-75.74545,2,4,1,1,9,9,0,2,1,2,0,0,0,0,9
1566,9/22/2020,123151,39.683653,-75.746665,2,2,1,0,2,6,1,2,1,2,0,0,1,9,9
1567,9/22/2020,123200,39.683743,-75.746803,2,2,1,1,9,9,0,2,1,1,0,0,0,0,9
1568,9/22/2020,123200,39.683742,-75.746793,2,9,1,1,9,9,0,2,1,2,0,0,9,0,1
1569,9/22/2020,123216,39.683416,-75.74723,2,3,1,1,9,9,1,2,1,2,0,0,1,9,9
1571,9/22/2020,123218,39.683403,-75.747338,1,9,1,0,2,6,0,2,1,2,0,0,1,9,9
1572,9/22/2020,123218,39.683426,-75.747373,2,8,1,0,2,3,1,2,1,1,0,0,0,0,9
1573,9/22/2020,123221,39.683413,-75.747437,2,3,1,1,9,9,1,3,0,1,0,0,0,0,9
1574,9/22/2020,123226,39.683393,-75.747545,2,2,1,1,9,9,0,2,1,2,0,0,0,0,9
1575,9/22/2020,123226,39.683399,-75.747539,2,2,1,1,9,9,0,2,1,2,0,0,1,9,9
1576,9/22/2020,123240,39.683413,-75.747523,2,3,1,1,9,9,1,2,1,2,0,0,1,9,9
1577,9/22/2020,123252,39.683372,-75.747932,2,3,1,1,9,9,1,2,1,1,0,0,0,0,9
1578,9/22/2020,123254,39.683376,-75.748114,2,3,1,1,9,9,1,2,0,1,0,0,1,9,9
1581,9/22/2020,123409,39.683404,-75.749491,2,3,1,1,9,9,1,2,1,1,0,0,1,9,9
1584,9/22/2020,123456,39.683261,-75.751232,1,9,1,1,9,9,1,2,1,1,0,0,0,0,9
1585,9/22/2020,123456,39.683268,-75.751197,1,9,1,1,9,9,1,2,1,2,0,0,0,0,9
1586,9/22/2020,123456,39.683279,-75.751194,1,9,1,1,9,9,1,2,1,1,0,0,0,0,9
1587,9/22/2020,123459,39.68325,-75.751249,1,9,1,1,9,9,1,2,1,1,0,0,0,0,9
1591,9/22/2020,123517,39.683072,-75.751329,2,1,1,0,2,3,1,3,0,2,0,1,0,0,9
1592,9/22/2020,123517,39.683089,-75.75135,2,2,1,1,9,9,1,2,1,2,0,0,0,0,9
1594,9/22/2020,123532,39.683048,-75.751929,1,9,1,1,9,9,0,2,0,1,0,0,1,12,9
1595,9/22/2020,123537,39.683037,-75.752217,2,4,1,1,9,9,1,2,0,1,0,0,0,0,9
1596,9/22/2020,123543,39.682955,-75.752311,2,3,1,1,9,9,1,2,1,2,0,0,0,0,9
1597,9/22/2020,123550,39.68304,-75.752364,1,9,1,1,9,9,1,2,1,1,0,0,0,0,9
1600,9/22/2020,123738,39.684107,-75.752484,2,1,1,1,9,9,1,2,1,2,0,0,0,0,9
