id,studyweek2,semester,date,correcttod,LON,LAT,nomaskincor,socialdist,Masksd,agegroup,white,sex,obese
1,2,1,9/3/2020,115835,39.682205,-75.74742,0,1,1,4,1,2,1
2,2,1,9/3/2020,115849,39.682101,-75.74722,0,0,0,2,1,1,1
3,2,1,9/3/2020,115849,39.682094,-75.74723,0,0,0,2,1,1,0
4,2,1,9/3/2020,115854,39.682162,-75.74663,1,1,1,3,0,2,0
5,2,1,9/3/2020,115902,39.682227,-75.74592,9,1,1,2,1,1,0
6,2,1,9/3/2020,115930,39.682093,-75.74510,1,0,1,2,0,2,1
7,2,1,9/3/2020,115930,39.682082,-75.74510,1,0,1,2,0,2,0
8,2,1,9/3/2020,115944,39.682464,-75.74555,9,1,1,4,0,2,1
9,2,1,9/3/2020,120005,39.682992,-75.74549,0,1,1,2,1,2,0
10,2,1,9/3/2020,120001,39.68317,-75.74548,0,1,1,3,1,1,0
11,2,1,9/3/2020,120033,39.6837,-75.74567,9,1,1,2,1,2,0
12,2,1,9/3/2020,115655,39.678996,-75.74870,1,1,1,2,1,2,1
13,2,1,9/3/2020,115711,39.67925,-75.74861,1,1,1,2,1,1,0
14,2,1,9/3/2020,115711,39.679279,-75.74859,1,1,1,2,0,1,0
15,2,1,9/3/2020,115740,39.679452,-75.74840,1,1,1,2,1,2,0
16,2,1,9/3/2020,114851,39.681173,-75.74948,1,1,1,2,1,1,0
17,2,1,9/3/2020,114855,39.681173,-75.74950,1,1,1,3,1,2,1
18,2,1,9/3/2020,115050,39.67965,-75.74965,1,1,1,2,1,1,0
19,2,1,9/3/2020,115123,39.679435,-75.74923,1,0,1,2,1,2,1
20,2,1,9/3/2020,115123,39.679439,-75.74922,0,0,0,2,1,2,0
21,2,1,9/3/2020,115123,39.679433,-75.74922,0,0,0,2,1,2,0
22,2,1,9/3/2020,115126,39.679607,-75.74949,0,0,0,2,1,2,1
23,2,1,9/3/2020,115126,39.679603,-75.74948,0,0,0,2,1,1,0
24,2,1,9/3/2020,115132,39.678874,-75.74992,0,1,1,2,1,2,0
25,2,1,9/3/2020,115144,39.678269,-75.74988,0,1,1,2,1,2,0
26,2,1,9/3/2020,115245,39.678678,-75.74887,0,0,0,2,1,1,0
27,2,1,9/3/2020,115245,39.678672,-75.74888,0,0,0,2,1,1,0
28,2,1,9/3/2020,112215,39.676966,-75.74817,0,1,1,2,1,1,0
29,2,1,9/3/2020,112215,39.67698,-75.74821,0,1,1,2,0,1,0
30,2,1,9/3/2020,112347,39.677069,-75.74722,0,1,1,2,1,2,0
31,2,1,9/3/2020,112425,39.67727,-75.74874,0,0,0,2,1,2,0
32,2,1,9/3/2020,112425,39.677276,-75.74873,0,0,0,2,1,2,0
33,2,1,9/3/2020,112436,39.677378,-75.74911,1,0,1,3,1,1,0
34,2,1,9/3/2020,112436,39.677385,-75.74910,0,0,0,2,1,1,0
35,2,1,9/3/2020,112436,39.677384,-75.74912,0,0,0,3,1,2,0
36,2,1,9/3/2020,112436,39.677387,-75.74911,1,0,1,2,1,2,0
37,2,1,9/3/2020,112614,39.677103,-75.75018,0,1,1,2,1,2,0
38,2,1,9/3/2020,112646,39.677512,-75.75013,0,1,1,2,1,1,0
39,2,1,9/3/2020,112657,39.677301,-75.75015,1,1,1,2,0,1,0
40,2,1,9/3/2020,112851,39.67823,-75.75173,1,0,1,2,1,2,0
41,2,1,9/3/2020,112851,39.678229,-75.75172,0,0,0,2,1,1,1
42,2,1,9/3/2020,112851,39.678238,-75.75173,0,0,0,2,1,2,0
43,2,1,9/3/2020,112911,39.678066,-75.75240,1,0,1,3,1,2,1
44,2,1,9/3/2020,112911,39.678081,-75.75240,1,0,1,2,1,2,1
45,2,1,9/3/2020,112911,39.678077,-75.75241,1,0,1,2,1,2,1
46,2,1,9/3/2020,112921,39.677717,-75.75232,1,1,1,4,1,2,1
47,2,1,9/3/2020,112901,39.677342,-75.75174,0,0,0,2,1,2,0
48,2,1,9/3/2020,112901,39.677339,-75.75173,0,0,0,2,1,2,0
49,2,1,9/3/2020,113039,39.678614,-75.75240,1,1,1,3,0,1,0
50,2,1,9/3/2020,113112,39.678742,-75.75174,1,0,1,3,0,1,1
51,2,1,9/3/2020,113112,39.678744,-75.75172,1,0,1,3,1,2,0
52,2,1,9/3/2020,113149,39.678999,-75.75172,1,1,1,2,1,2,0
53,2,1,9/3/2020,113221,39.679452,-75.75178,0,1,1,2,1,1,0
54,2,1,9/3/2020,113238,39.679605,-75.75193,0,1,1,2,1,2,0
55,2,1,9/3/2020,113317,39.678644,-75.75232,1,1,1,3,1,1,1
56,2,1,9/3/2020,113406,39.67821,-75.75134,1,0,1,2,1,1,0
57,2,1,9/3/2020,113406,39.678201,-75.75134,1,0,1,2,1,2,0
58,2,1,9/3/2020,113406,39.678193,-75.75134,1,0,1,2,1,2,0
59,2,1,9/3/2020,113426,39.67787,-75.75162,1,0,1,3,1,2,1
60,2,1,9/3/2020,113426,39.677862,-75.75162,0,0,0,3,1,1,1
61,2,1,9/3/2020,113426,39.677855,-75.75161,0,0,0,1,1,2,0
62,2,1,9/3/2020,113528,39.679036,-75.75342,0,1,1,2,1,1,0
63,2,1,9/3/2020,113612,39.679506,-75.75351,0,1,1,2,1,1,0
64,2,1,9/3/2020,113623,39.679857,-75.75364,1,1,1,3,0,1,0
65,2,1,9/3/2020,113809,39.680438,-75.75578,0,1,1,3,1,1,0
66,2,1,9/3/2020,113906,39.682161,-75.75504,1,1,1,3,0,1,0
67,2,1,9/3/2020,113919,39.682667,-75.75480,0,0,0,3,1,1,0
68,2,1,9/3/2020,113919,39.682656,-75.75481,1,0,1,2,1,1,0
69,2,1,9/3/2020,113928,39.682861,-75.75472,0,1,1,2,1,1,0
70,2,1,9/3/2020,114017,39.682193,-75.75385,0,0,0,2,1,2,0
71,2,1,9/3/2020,114017,39.68219,-75.75387,0,0,0,2,1,2,0
72,2,1,9/3/2020,114316,39.6819,-75.75259,0,1,1,2,1,1,0
73,2,1,9/3/2020,114329,39.682372,-75.75226,1,1,1,4,1,1,1
74,2,1,9/3/2020,114332,39.682439,-75.75226,0,0,0,2,1,1,0
75,2,1,9/3/2020,114332,39.682428,-75.75226,0,0,0,2,1,1,0
76,2,1,9/3/2020,114338,39.682706,-75.75235,0,0,0,2,1,1,0
77,2,1,9/3/2020,114338,39.682718,-75.75236,0,0,0,2,1,2,0
78,2,1,9/3/2020,114341,39.682732,-75.75228,0,1,1,2,0,1,0
79,2,1,9/3/2020,114342,39.682796,-75.75236,0,1,1,4,1,2,0
80,2,1,9/3/2020,114342,39.682899,-75.75235,0,1,1,4,1,1,1
81,2,1,9/3/2020,114434,39.681767,-75.75157,1,1,1,2,1,1,0
82,2,1,9/3/2020,114436,39.681779,-75.75145,1,1,1,2,1,2,1
83,2,1,9/3/2020,114541,39.681391,-75.75044,1,0,1,3,0,2,1
84,2,1,9/3/2020,114541,39.681386,-75.75042,1,0,1,3,0,2,0
85,2,1,9/3/2020,114703,39.682117,-75.74758,0,1,1,2,1,1,0
86,2,1,9/3/2020,114703,39.682086,-75.74756,0,1,1,2,1,1,0
87,2,1,9/3/2020,114724,39.682084,-75.74723,1,1,1,3,1,1,0
88,2,1,9/3/2020,114735,39.682207,-75.74739,1,1,1,3,0,2,1
89,2,1,9/3/2020,114737,39.682244,-75.74726,1,1,1,2,1,1,0
90,2,1,9/3/2020,120136,39.683582,-75.74544,0,1,1,2,1,2,0
91,2,1,9/3/2020,120141,39.683703,-75.74563,0,1,1,2,1,1,0
92,2,1,9/3/2020,120148,39.683553,-75.74567,0,1,1,3,1,1,0
93,2,1,9/3/2020,120159,39.683518,-75.74605,1,1,1,2,1,2,0
94,2,1,9/3/2020,120203,39.683516,-75.74628,0,1,1,2,1,2,0
95,2,1,9/3/2020,120233,39.68361,-75.74679,0,1,1,2,1,2,0
96,2,1,9/3/2020,120237,39.683445,-75.74684,1,1,1,2,1,2,0
97,2,1,9/3/2020,120237,39.683437,-75.74691,1,0,1,2,1,2,0
98,2,1,9/3/2020,120237,39.683449,-75.74692,1,0,1,2,1,2,0
99,2,1,9/3/2020,120242,39.68359,-75.74717,0,0,0,3,1,1,1
100,2,1,9/3/2020,120242,39.683602,-75.74718,0,0,0,3,1,2,0
101,2,1,9/3/2020,120244,39.683416,-75.74717,0,1,1,2,1,2,0
102,2,1,9/3/2020,120250,39.683542,-75.74731,0,1,1,3,1,1,0
103,2,1,9/3/2020,120254,39.683407,-75.74723,1,0,1,2,1,2,0
104,2,1,9/3/2020,120254,39.683415,-75.74725,1,0,1,2,1,2,0
105,2,1,9/3/2020,120254,39.683406,-75.74728,0,0,0,2,1,2,0
106,2,1,9/3/2020,120254,39.683407,-75.74730,0,0,0,2,1,2,0
107,2,1,9/3/2020,120254,39.6834,-75.74737,0,1,1,2,1,1,0
108,2,1,9/3/2020,120254,39.683432,-75.74737,1,1,1,2,1,2,0
109,2,1,9/3/2020,120259,39.683405,-75.74752,0,1,1,2,1,1,0
110,2,1,9/3/2020,120305,39.683553,-75.74764,1,0,1,2,1,2,0
111,2,1,9/3/2020,120305,39.683561,-75.74763,1,0,1,2,1,2,0
112,2,1,9/3/2020,120305,39.68357,-75.74763,1,0,1,2,1,2,0
113,2,1,9/3/2020,120305,39.683572,-75.74762,0,0,0,2,1,2,0
114,2,1,9/3/2020,120311,39.683416,-75.74751,1,0,1,2,1,2,0
115,2,1,9/3/2020,120311,39.683407,-75.74752,1,0,1,2,1,2,1
116,2,1,9/3/2020,120336,39.683376,-75.74800,0,0,0,3,1,2,0
117,2,1,9/3/2020,120336,39.683386,-75.74800,0,0,0,3,1,1,0
118,2,1,9/3/2020,120344,39.683506,-75.74809,1,1,1,2,1,2,0
119,2,1,9/3/2020,120344,39.68351,-75.74802,1,0,1,2,1,2,0
120,2,1,9/3/2020,120344,39.683517,-75.74802,0,0,0,3,1,2,1
121,2,1,9/3/2020,120425,39.683489,-75.74838,1,1,1,4,1,1,0
122,2,1,9/3/2020,120425,39.683472,-75.74835,1,1,1,3,0,2,1
123,2,1,9/3/2020,120452,39.683498,-75.74875,0,1,1,3,0,2,1
124,2,1,9/3/2020,120452,39.683458,-75.74868,0,1,1,3,1,1,0
125,2,1,9/3/2020,120504,39.683452,-75.74890,0,1,1,2,1,2,0
126,2,1,9/3/2020,120512,39.683281,-75.74913,1,0,1,2,0,1,1
127,2,1,9/3/2020,120512,39.683291,-75.74914,1,0,1,2,0,1,0
128,2,1,9/3/2020,120512,39.683425,-75.74919,0,1,1,2,1,2,0
129,2,1,9/3/2020,120528,39.683401,-75.74946,1,1,1,2,1,2,0
130,2,1,9/3/2020,120536,39.683261,-75.74930,0,0,0,2,1,2,0
131,2,1,9/3/2020,120536,39.683271,-75.74931,0,0,0,2,1,2,0
132,2,1,9/3/2020,120536,39.68328,-75.74932,0,0,0,2,1,2,0
133,2,1,9/3/2020,120549,39.683273,-75.74922,0,0,0,3,1,2,0
134,2,1,9/3/2020,120549,39.683283,-75.74923,0,0,0,2,1,2,0
135,2,1,9/3/2020,120549,39.683288,-75.74922,0,0,0,3,1,1,1
136,2,1,9/3/2020,120557,39.683255,-75.74945,0,1,1,2,1,2,0
137,2,1,9/3/2020,120604,39.683381,-75.74984,1,1,1,2,1,1,0
138,2,1,9/3/2020,120608,39.683216,-75.74998,1,1,1,2,1,2,0
139,2,1,9/3/2020,120614,39.683201,-75.75006,1,1,1,2,1,1,0
140,2,1,9/3/2020,120615,39.68317,-75.74995,0,1,1,3,1,1,0
141,2,1,9/3/2020,120616,39.683108,-75.74995,0,1,1,3,1,1,0
142,2,1,9/3/2020,120625,39.683222,-75.74993,1,1,1,2,1,2,1
143,2,1,9/3/2020,120638,39.683331,-75.75055,0,0,0,3,1,1,0
144,2,1,9/3/2020,120638,39.683329,-75.75054,0,0,0,3,1,1,0
145,2,1,9/3/2020,120654,39.683325,-75.75077,0,0,0,2,1,2,1
146,2,1,9/3/2020,120654,39.683326,-75.75076,0,0,0,2,1,2,0
147,2,1,9/3/2020,120718,39.683107,-75.75155,1,0,1,3,0,2,1
148,2,1,9/3/2020,120718,39.683112,-75.75156,1,0,1,3,0,1,0
149,2,1,9/3/2020,120719,39.683234,-75.75154,1,1,1,2,1,2,0
150,2,1,9/3/2020,120724,39.683065,-75.75180,1,1,1,2,1,2,1
151,2,1,9/3/2020,120733,39.682984,-75.75214,0,0,0,2,0,1,0
152,2,1,9/3/2020,120733,39.682979,-75.75215,0,0,0,2,0,1,0
153,2,1,9/3/2020,120733,39.682996,-75.75235,1,1,1,2,1,2,0
154,2,1,9/3/2020,120746,39.683234,-75.75242,1,1,1,3,0,1,1
155,2,1,9/3/2020,120759,39.683044,-75.75245,0,1,1,2,1,2,0
156,2,1,9/3/2020,120807,39.682912,-75.75284,0,1,1,3,1,1,1
157,2,1,9/3/2020,120931,39.683385,-75.75362,1,0,1,4,0,1,0
158,2,1,9/3/2020,120931,39.683397,-75.75362,1,0,1,2,0,1,0
159,2,1,9/3/2020,120939,39.683665,-75.75370,1,1,1,2,1,2,1
160,2,1,9/3/2020,121014,39.683443,-75.75252,0,1,1,3,1,1,0
161,2,1,9/3/2020,121014,39.68344,-75.75256,0,0,0,4,1,1,1
162,2,1,9/3/2020,121014,39.68344,-75.75258,0,0,0,3,1,1,1
163,2,1,9/3/2020,121019,39.683605,-75.75246,1,0,1,2,1,2,0
164,2,1,9/3/2020,121019,39.683616,-75.75246,1,0,1,2,1,1,0
165,2,1,9/3/2020,121044,39.683963,-75.75252,1,0,1,2,1,2,0
166,2,1,9/3/2020,121044,39.683962,-75.75251,1,0,1,2,1,2,1
167,2,1,9/3/2020,121109,39.684005,-75.75266,0,0,0,2,1,1,0
168,2,1,9/3/2020,121109,39.684012,-75.75266,0,0,0,2,1,1,0
169,2,1,9/3/2020,121200,39.684322,-75.75370,9,1,1,2,1,1,0
170,2,1,9/3/2020,121223,39.684224,-75.75431,1,1,1,2,1,2,0
171,2,1,9/3/2020,121234,39.684555,-75.75409,0,1,1,2,1,2,1
172,2,1,9/3/2020,121249,39.684729,-75.75438,1,1,1,2,0,2,0
173,2,1,9/3/2020,121307,39.684813,-75.75441,0,1,1,2,1,1,0
174,2,1,9/3/2020,121339,39.685792,-75.75450,1,1,1,2,1,9,9
175,2,1,9/3/2020,121339,39.68573,-75.75449,1,1,1,2,1,9,9
176,2,1,9/3/2020,121340,39.685741,-75.75454,0,1,1,2,1,1,0
177,2,1,9/3/2020,121342,39.685715,-75.75468,1,1,1,2,0,1,0
178,2,1,9/3/2020,121525,39.685843,-75.75454,0,0,0,2,1,2,9
179,2,1,9/3/2020,121525,39.68585,-75.75454,0,0,0,2,1,2,0
180,2,1,9/3/2020,121525,39.685857,-75.75451,0,0,0,2,1,1,0
181,2,1,9/3/2020,121525,39.685855,-75.75439,0,0,0,2,1,2,0
182,2,1,9/3/2020,121525,39.685858,-75.75438,0,0,0,2,1,2,0
183,2,1,9/3/2020,121541,39.68614,-75.75444,0,0,0,2,1,2,0
184,2,1,9/3/2020,121541,39.686141,-75.75443,0,0,0,2,1,2,0
185,2,1,9/3/2020,121549,39.686619,-75.75462,0,1,1,2,1,2,0
186,2,1,9/3/2020,121549,39.686621,-75.75448,0,1,1,2,1,1,0
187,2,1,9/3/2020,121609,39.687173,-75.75477,1,0,1,2,1,1,1
188,2,1,9/3/2020,121609,39.687182,-75.75476,0,0,0,2,1,1,0
189,2,1,9/3/2020,121623,39.687238,-75.75483,1,1,1,2,1,2,0
190,2,1,9/3/2020,121647,39.688217,-75.75564,1,1,1,2,1,1,0
191,2,1,9/3/2020,121654,39.688441,-75.75584,1,0,1,3,0,2,1
192,2,1,9/3/2020,121654,39.688447,-75.75583,0,0,0,3,1,2,1
193,2,1,9/3/2020,121702,39.688689,-75.75605,1,0,1,2,1,2,0
194,2,1,9/3/2020,121702,39.688696,-75.75605,1,0,1,2,1,1,0
195,2,1,9/3/2020,121702,39.688701,-75.75604,1,0,1,2,1,2,0
196,2,1,9/3/2020,121750,39.689578,-75.75665,1,0,1,2,1,2,0
197,2,1,9/3/2020,121750,39.689574,-75.75664,1,0,1,2,0,2,1
198,2,1,9/3/2020,121859,39.689535,-75.75679,0,0,0,2,1,2,0
199,2,1,9/3/2020,121859,39.689543,-75.75679,0,0,0,2,1,2,0
200,3,1,9/11/2020,114020,39.679267,-75.74871,9,1,1,9,9,1,0
201,3,1,9/11/2020,111250,39.67768,-75.75167,0,0,0,1,1,1,0
202,3,1,9/11/2020,111250,39.67768,-75.75167,0,0,0,2,1,1,0
203,3,1,9/11/2020,111257,39.677737,-75.75170,0,1,1,2,1,2,0
204,3,1,9/11/2020,111510,39.678242,-75.75225,1,1,1,2,1,1,0
205,3,1,9/11/2020,111547,39.678631,-75.75165,0,0,0,1,1,2,0
206,3,1,9/11/2020,111547,39.678631,-75.75165,0,0,0,3,1,1,1
207,3,1,9/11/2020,111912,39.679089,-75.75349,1,1,1,2,1,1,1
208,3,1,9/11/2020,112221,39.680952,-75.75548,1,1,1,2,1,2,0
209,3,1,9/11/2020,112221,39.680964,-75.75558,0,1,1,2,1,2,0
210,3,1,9/11/2020,112314,39.682915,-75.75470,0,1,1,2,1,2,0
211,3,1,9/11/2020,112357,39.682904,-75.75422,0,1,1,2,1,2,0
212,3,1,9/11/2020,112423,39.682389,-75.75393,0,1,1,2,1,2,0
213,3,1,9/11/2020,112423,39.682382,-75.75393,0,0,0,2,1,2,1
214,3,1,9/11/2020,112423,39.682344,-75.75391,0,0,0,2,1,2,0
215,3,1,9/11/2020,112423,39.682261,-75.75388,0,0,0,2,1,1,0
216,3,1,9/11/2020,112429,39.682037,-75.75380,0,1,1,2,1,2,1
217,3,1,9/11/2020,112551,39.683133,-75.75365,1,0,1,2,1,1,0
218,3,1,9/11/2020,112551,39.683132,-75.75366,0,0,0,2,1,2,1
219,3,1,9/11/2020,112643,39.680705,-75.75356,1,1,1,3,0,1,1
220,3,1,9/11/2020,112833,39.681714,-75.75246,1,0,1,2,1,2,1
221,3,1,9/11/2020,112833,39.681714,-75.75248,1,0,1,2,1,2,1
222,3,1,9/11/2020,113738,39.678843,-75.74978,1,0,1,2,0,2,0
223,3,1,9/11/2020,113738,39.678852,-75.74978,1,0,1,2,0,1,0
224,3,1,9/11/2020,113848,39.678184,-75.74797,0,1,1,3,1,1,0
225,2,1,9/3/2020,121859,39.689552,-75.75678,0,0,0,2,1,2,0
226,3,1,9/11/2020,114038,39.679445,-75.74847,0,1,1,2,1,2,0
227,3,1,9/11/2020,113207,39.681903,-75.74986,0,1,1,2,1,2,0
228,3,1,9/11/2020,113058,39.681237,-75.75037,1,1,1,2,0,2,0
229,3,1,9/11/2020,114411,39.682032,-75.74941,0,1,1,2,1,2,0
230,3,1,9/11/2020,114431,39.682146,-75.74814,0,1,1,3,1,2,0
231,3,1,9/11/2020,113225,39.681905,-75.74942,1,1,1,2,0,1,0
232,3,1,9/11/2020,114504,39.682216,-75.74725,1,1,1,2,1,1,0
233,3,1,9/11/2020,113225,39.681907,-75.74954,1,1,1,2,1,2,0
234,3,1,9/11/2020,114614,39.682321,-75.74588,1,0,1,2,0,1,0
235,3,1,9/11/2020,113312,39.681156,-75.74949,0,1,1,2,0,1,0
236,3,1,9/11/2020,114614,39.682331,-75.74588,0,0,0,2,0,1,1
237,3,1,9/11/2020,113345,39.680255,-75.74975,0,1,1,3,1,1,0
238,3,1,9/11/2020,114622,39.682215,-75.74560,1,0,1,2,1,1,0
239,3,1,9/11/2020,114622,39.682197,-75.74567,1,0,1,2,1,1,0
240,3,1,9/11/2020,114622,39.682206,-75.74559,0,1,1,2,1,1,0
241,3,1,9/11/2020,113348,39.680115,-75.74965,1,1,1,2,0,1,0
242,3,1,9/11/2020,114640,39.682154,-75.74529,0,1,1,2,1,1,0
243,3,1,9/11/2020,113353,39.680148,-75.74959,0,0,0,2,1,2,0
244,3,1,9/11/2020,114743,39.683717,-75.74547,1,1,1,3,1,2,0
245,3,1,9/11/2020,113353,39.680148,-75.74959,0,0,0,2,1,2,0
246,3,1,9/11/2020,114743,39.683715,-75.74544,1,1,1,3,0,2,1
247,3,1,9/11/2020,113353,39.680143,-75.74959,0,0,0,3,1,2,0
248,4,1,9/16/2020,111517,39.676588,-75.74848,1,1,1,2,1,2,1
249,3,1,9/11/2020,113353,39.680109,-75.74959,0,1,1,2,1,2,0
250,4,1,9/16/2020,111523,39.676632,-75.74826,1,1,1,3,0,1,0
251,3,1,9/11/2020,113517,39.679621,-75.74967,0,0,0,2,1,2,1
252,4,1,9/16/2020,111545,39.676967,-75.74847,1,1,1,2,1,2,1
253,3,1,9/11/2020,113517,39.679616,-75.74967,0,0,0,2,1,1,0
254,3,1,9/11/2020,115028,39.683554,-75.74612,1,1,1,4,1,1,0
255,4,1,9/16/2020,111545,39.676958,-75.74847,1,1,1,2,1,1,0
256,3,1,9/11/2020,115031,39.683512,-75.74627,0,0,0,3,0,2,1
257,4,1,9/16/2020,111545,39.676955,-75.74848,1,1,1,2,0,1,0
258,3,1,9/11/2020,115031,39.683518,-75.74627,0,0,0,2,1,2,0
259,4,1,9/16/2020,111545,39.676969,-75.74850,1,1,1,2,1,1,0
260,3,1,9/11/2020,115033,39.683665,-75.74625,0,1,1,3,0,2,1
261,4,1,9/16/2020,111549,39.67696,-75.74867,1,1,1,2,1,1,0
262,3,1,9/11/2020,115044,39.683599,-75.74666,1,0,1,3,0,2,1
263,4,1,9/16/2020,111558,39.676953,-75.74882,1,1,1,2,0,1,0
264,3,1,9/11/2020,115044,39.683605,-75.74665,1,0,1,3,0,1,1
265,4,1,9/16/2020,111607,39.677003,-75.74847,1,1,1,3,1,1,1
266,3,1,9/11/2020,115102,39.683596,-75.74695,1,0,1,4,1,2,0
267,4,1,9/16/2020,111624,39.677046,-75.74845,1,0,1,2,1,1,0
268,3,1,9/11/2020,115102,39.683598,-75.74695,1,0,1,4,1,2,0
269,4,1,9/16/2020,111624,39.677124,-75.74838,1,0,1,2,1,2,1
270,3,1,9/11/2020,115109,39.68344,-75.74707,0,1,1,2,1,2,0
271,4,1,9/16/2020,111624,39.677117,-75.74838,1,1,1,3,0,2,1
272,3,1,9/11/2020,115114,39.683415,-75.74718,0,0,0,2,1,1,0
273,4,1,9/16/2020,111625,39.677107,-75.74850,0,1,1,2,1,2,0
274,3,1,9/11/2020,115114,39.683421,-75.74718,0,0,0,2,1,2,0
275,4,1,9/16/2020,111702,39.676936,-75.74753,0,1,1,2,1,1,0
276,3,1,9/11/2020,115114,39.683417,-75.74721,1,1,1,2,1,2,0
277,4,1,9/16/2020,111709,39.67692,-75.74721,0,1,1,2,1,1,0
278,3,1,9/11/2020,115128,39.683396,-75.74739,0,1,1,3,1,1,0
279,4,1,9/16/2020,111725,39.676991,-75.74752,0,1,1,2,1,1,0
280,3,1,9/11/2020,115128,39.683401,-75.74741,0,0,0,2,1,1,0
281,4,1,9/16/2020,111939,39.677774,-75.74999,0,1,1,2,1,2,0
282,3,1,9/11/2020,115128,39.683409,-75.74740,1,0,1,3,1,1,1
283,4,1,9/16/2020,111943,39.677805,-75.74996,0,0,0,2,1,2,0
284,3,1,9/11/2020,115128,39.683413,-75.74741,0,0,0,3,1,1,1
285,4,1,9/16/2020,111943,39.677805,-75.74996,0,0,0,2,1,2,0
286,3,1,9/11/2020,115128,39.683415,-75.74735,0,0,0,2,1,2,0
287,4,1,9/16/2020,112016,39.677296,-75.75016,1,1,1,2,0,2,1
288,3,1,9/11/2020,115128,39.683414,-75.74734,0,0,0,2,1,2,0
289,4,1,9/16/2020,112045,39.677348,-75.75142,0,1,1,4,1,1,1
290,3,1,9/11/2020,115134,39.683576,-75.74755,1,1,1,2,1,1,0
291,4,1,9/16/2020,112121,39.677841,-75.75171,0,1,1,2,1,2,0
292,3,1,9/11/2020,115139,39.683389,-75.74740,0,0,0,2,1,2,0
293,4,1,9/16/2020,112341,39.679428,-75.75172,0,1,1,2,1,1,0
294,3,1,9/11/2020,115139,39.68339,-75.74741,1,0,1,2,1,1,0
295,4,1,9/16/2020,112449,39.678737,-75.75134,1,1,1,4,1,2,1
296,3,1,9/11/2020,115139,39.683379,-75.74743,0,1,1,2,1,2,0
297,4,1,9/16/2020,112518,39.678678,-75.75221,1,1,1,2,0,1,1
298,3,1,9/11/2020,115150,39.683407,-75.74762,0,1,1,2,1,1,0
299,4,1,9/16/2020,112538,39.679073,-75.75302,1,1,1,2,0,2,0
300,3,1,9/11/2020,115156,39.683409,-75.74775,0,0,0,2,1,2,0
301,4,1,9/16/2020,112538,39.679073,-75.75302,1,1,1,2,0,2,0
302,3,1,9/11/2020,115156,39.683412,-75.74775,0,0,0,3,1,1,1
303,4,1,9/16/2020,112643,39.680146,-75.75352,0,1,1,3,1,2,0
304,3,1,9/11/2020,115201,39.683356,-75.74810,0,0,0,2,0,2,0
305,4,1,9/16/2020,112829,39.680881,-75.75538,0,1,1,3,1,1,0
306,3,1,9/11/2020,115201,39.683357,-75.74811,0,0,0,2,1,1,0
307,4,1,9/16/2020,112857,39.681678,-75.75537,0,1,1,2,1,1,0
308,3,1,9/11/2020,115219,39.683363,-75.74816,0,1,1,3,0,1,0
309,4,1,9/16/2020,112951,39.683064,-75.75421,0,0,0,2,1,2,0
310,3,1,9/11/2020,115232,39.683327,-75.74848,0,0,0,2,1,2,0
311,4,1,9/16/2020,112951,39.683064,-75.75421,0,0,0,2,1,2,0
312,3,1,9/11/2020,115232,39.683336,-75.74848,0,0,0,2,1,2,0
313,4,1,9/16/2020,113012,39.682402,-75.75395,0,1,1,2,1,1,0
314,3,1,9/11/2020,115232,39.683365,-75.74855,1,1,1,3,1,1,0
315,4,1,9/16/2020,113017,39.68234,-75.75393,0,0,0,2,1,2,1
316,3,1,9/11/2020,115232,9.683479,-75.74855,0,0,0,4,1,1,1
317,4,1,9/16/2020,113053,39.681593,-75.75347,1,1,1,3,1,1,1
318,3,1,9/11/2020,115235,39.683478,-75.74843,0,1,1,2,1,2,0
319,4,1,9/16/2020,113142,39.680594,-75.75350,0,0,0,2,1,2,0
320,3,1,9/11/2020,115259,39.683476,-75.74866,0,0,0,2,1,1,0
321,4,1,9/16/2020,113142,39.680594,-75.75350,0,0,0,2,1,2,0
322,3,1,9/11/2020,115259,39.68347,-75.74865,0,0,0,2,1,1,0
323,4,1,9/16/2020,113335,39.680995,-75.75123,0,0,0,3,1,1,0
324,3,1,9/11/2020,115259,39.683476,-75.74864,0,0,0,2,1,1,0
325,4,1,9/16/2020,113335,39.680995,-75.75123,0,0,0,3,1,1,0
326,3,1,9/11/2020,115301,39.683324,-75.74869,1,1,1,3,1,1,0
327,4,1,9/16/2020,113427,39.68144,-75.75037,0,1,1,2,1,2,1
328,3,1,9/11/2020,115308,39.683306,-75.74883,0,0,0,2,0,1,0
329,4,1,9/16/2020,113535,39.681615,-75.74942,0,0,0,2,1,2,0
330,3,1,9/11/2020,115308,39.683304,-75.74883,0,0,0,3,1,1,1
331,4,1,9/16/2020,113535,39.681615,-75.74942,0,0,0,2,1,2,0
332,3,1,9/11/2020,115313,39.68329,-75.74912,1,1,1,2,0,1,0
333,4,1,9/16/2020,113535,39.681577,-75.74942,1,1,1,2,1,2,0
334,3,1,9/11/2020,115315,39.683406,-75.74917,1,1,1,3,0,1,0
335,4,1,9/16/2020,113638,39.680814,-75.74952,0,1,1,2,1,1,1
336,3,1,9/11/2020,115316,39.683419,-75.74941,1,1,1,3,1,1,0
337,4,1,9/16/2020,113739,39.679896,-75.74960,0,1,1,2,1,1,0
338,3,1,9/11/2020,115316,39.683409,-75.74936,1,1,1,3,1,2,0
339,4,1,9/16/2020,113821,39.679615,-75.74962,1,1,1,3,0,1,0
340,3,1,9/11/2020,115346,39.683236,-75.74970,0,0,0,3,0,1,1
341,4,1,9/16/2020,113841,39.679336,-75.74950,0,1,1,3,1,1,1
342,3,1,9/11/2020,115346,39.68324,-75.74970,1,0,1,2,1,2,0
343,4,1,9/16/2020,113851,39.679129,-75.74962,0,0,0,2,1,2,1
344,3,1,9/11/2020,115346,39.683244,-75.74970,0,0,0,2,1,2,0
345,4,1,9/16/2020,113851,39.679129,-75.74962,0,0,0,2,1,2,0
346,3,1,9/11/2020,115346,39.683248,-75.74970,0,0,0,2,1,2,0
347,4,1,9/16/2020,113853,39.679078,-75.74962,0,1,1,2,0,1,0
348,3,1,9/11/2020,115412,39.683237,-75.74981,1,0,1,2,0,2,1
349,4,1,9/16/2020,113933,39.678758,-75.74967,0,1,1,2,1,1,0
350,3,1,9/11/2020,115412,39.683227,-75.74980,1,0,1,2,0,2,0
351,4,1,9/16/2020,114223,39.679226,-75.74782,1,1,1,2,1,2,1
352,3,1,9/11/2020,115418,39.683402,-75.74970,1,1,1,4,1,1,0
353,4,1,9/16/2020,114558,39.679417,-75.74701,0,0,0,2,1,2,0
354,3,1,9/11/2020,115421,39.683196,-75.75027,0,1,1,3,1,1,0
355,4,1,9/16/2020,114558,39.679417,-75.74701,0,0,0,2,1,2,0
356,3,1,9/11/2020,115426,39.683171,-75.75033,0,1,1,2,1,2,0
357,4,1,9/16/2020,114637,39.680347,-75.74794,0,1,1,3,1,1,1
358,3,1,9/11/2020,115611,39.683022,-75.75248,0,0,0,1,1,2,0
359,4,1,9/16/2020,114808,39.681504,-75.74861,0,1,1,3,0,2,1
360,3,1,9/11/2020,115611,39.683024,-75.75248,0,0,0,4,1,1,1
361,4,1,9/16/2020,114855,39.682096,-75.74745,1,1,1,2,1,2,0
362,3,1,9/11/2020,115700,39.682965,-75.75325,1,1,1,2,0,2,0
363,4,1,9/16/2020,114925,39.682296,-75.74629,0,1,1,2,0,2,1
364,3,1,9/11/2020,115709,39.683091,-75.75346,0,0,0,2,1,2,0
365,4,1,9/16/2020,115010,39.682942,-75.74543,0,0,0,2,1,2,0
366,3,1,9/11/2020,115709,39.683096,-75.75347,0,0,0,2,1,2,0
367,4,1,9/16/2020,115010,39.682942,-75.74543,0,0,0,2,1,2,0
368,4,1,9/16/2020,115559,39.683548,-75.74576,1,1,1,3,1,1,1
369,3,1,9/11/2020,115709,39.683096,-75.75345,0,0,0,2,1,2,0
370,4,1,9/16/2020,115606,39.683546,-75.74591,0,1,1,2,0,1,0
371,3,1,9/11/2020,115709,39.6831,-75.75345,0,0,0,2,1,2,0
372,4,1,9/16/2020,115640,39.683458,-75.74688,1,1,1,2,0,1,0
373,3,1,9/11/2020,115733,39.682946,-75.75352,0,0,0,2,1,2,0
374,4,1,9/16/2020,115644,39.683419,-75.74694,0,0,0,2,1,2,0
375,3,1,9/11/2020,115733,39.682952,-75.75352,0,0,0,2,1,1,0
376,4,1,9/16/2020,115644,39.683459,-75.74694,0,0,0,2,1,2,1
377,3,1,9/11/2020,115749,39.682952,-75.75376,1,0,1,2,1,2,0
378,4,1,9/16/2020,115644,39.683439,-75.74694,0,0,0,2,1,2,0
379,3,1,9/11/2020,115749,39.68294,-75.75375,1,0,1,2,1,2,0
380,4,1,9/16/2020,115646,39.683439,-75.74697,1,1,1,3,0,2,0
381,3,1,9/11/2020,115749,39.682927,-75.75374,1,0,1,2,1,2,0
382,4,1,9/16/2020,115656,39.683403,-75.74730,0,0,0,2,1,2,0
383,3,1,9/11/2020,115822,39.683089,-75.75365,1,1,1,2,1,2,0
384,4,1,9/16/2020,115656,39.683439,-75.74734,0,0,0,2,1,2,1
385,3,1,9/11/2020,115904,39.683443,-75.75252,0,1,1,3,0,1,1
386,4,1,9/16/2020,115656,39.683405,-75.74728,1,1,1,2,1,2,0
387,3,1,9/11/2020,120021,39.684031,-75.75266,1,1,1,2,0,2,0
388,4,1,9/16/2020,115705,39.683394,-75.74754,1,1,1,2,0,1,0
389,3,1,9/11/2020,120039,39.68393,-75.75251,1,1,1,2,1,1,0
390,4,1,9/16/2020,115714,39.683416,-75.74747,0,0,0,2,1,2,0
391,3,1,9/11/2020,120208,39.684725,-75.75422,0,1,1,2,1,1,0
392,4,1,9/16/2020,115714,39.683417,-75.74749,0,0,0,2,1,2,0
393,3,1,9/11/2020,120212,39.684946,-75.75440,0,0,0,2,1,2,0
394,4,1,9/16/2020,115714,39.683407,-75.74747,0,0,0,2,1,2,0
395,3,1,9/11/2020,120212,39.684946,-75.75440,0,0,0,2,1,2,0
396,4,1,9/16/2020,115727,39.683338,-75.74740,1,1,1,2,1,2,0
397,3,1,9/11/2020,120217,39.685092,-75.75429,1,0,1,2,1,2,1
398,4,1,9/16/2020,115729,39.683307,-75.74740,1,1,1,2,1,2,1
399,3,1,9/11/2020,120217,39.685111,-75.75431,1,0,1,2,0,2,1
400,4,1,9/16/2020,115734,39.683108,-75.74736,1,0,1,4,1,1,1
401,3,1,9/11/2020,120217,39.685125,-75.75429,1,0,1,2,1,1,1
402,4,1,9/16/2020,115734,39.68311,-75.74739,1,0,1,4,1,1,1
403,3,1,9/11/2020,120235,39.684737,-75.75436,1,0,1,2,0,2,1
404,4,1,9/16/2020,115749,39.6834,-75.74772,1,1,1,2,0,1,0
405,3,1,9/11/2020,120235,39.684736,-75.75438,1,0,1,2,1,2,0
406,4,1,9/16/2020,115751,39.683396,-75.74781,0,1,1,2,1,2,0
407,3,1,9/11/2020,120303,39.685731,-75.75452,1,1,1,3,0,1,1
408,4,1,9/16/2020,115803,39.683372,-75.74796,0,1,1,2,1,2,0
409,3,1,9/11/2020,120309,39.685743,-75.75438,1,1,1,2,1,1,0
410,4,1,9/16/2020,115808,39.683369,-75.74797,0,1,1,3,0,2,1
411,3,1,9/11/2020,120337,39.686693,-75.75464,0,1,1,2,1,1,0
412,4,1,9/16/2020,115808,39.683368,-75.74798,1,1,1,3,0,2,0
413,3,1,9/11/2020,120451,39.689017,-75.75397,1,1,1,4,1,2,0
414,4,1,9/16/2020,115810,39.683371,-75.74802,1,1,1,3,1,1,0
415,3,1,9/11/2020,120451,39.688998,-75.75397,1,1,1,4,1,1,0
416,4,1,9/16/2020,115812,39.68338,-75.74802,9,0,9,3,0,1,1
417,3,1,9/11/2020,120515,39.689966,-75.75483,0,1,1,2,1,2,0
418,4,1,9/16/2020,115812,39.683381,-75.74803,9,0,9,3,0,2,1
419,3,1,9/11/2020,120643,39.689244,-75.75678,0,0,0,1,1,2,0
420,4,1,9/16/2020,115818,39.683358,-75.74815,1,1,1,2,1,1,1
421,3,1,9/11/2020,120643,39.689233,-75.75677,1,0,1,3,1,1,1
422,4,1,9/16/2020,115827,39.683316,-75.74862,1,1,1,2,1,2,0
423,3,1,9/11/2020,120648,39.689182,-75.75692,1,0,1,2,1,2,0
424,4,1,9/16/2020,115828,39.683461,-75.74876,0,0,0,4,1,1,1
425,3,1,9/11/2020,120648,39.689192,-75.75694,1,0,1,2,1,1,0
426,4,1,9/16/2020,115852,39.683333,-75.74847,1,1,1,2,1,1,0
427,3,1,9/11/2020,120823,39.690021,-75.75824,1,1,1,3,0,1,1
428,4,1,9/16/2020,115909,39.683208,-75.74917,1,1,1,2,1,1,1
429,3,1,9/11/2020,120906,39.691491,-75.75933,1,1,1,2,1,1,0
430,4,1,9/16/2020,115919,39.683254,-75.74955,1,1,1,2,1,2,0
431,3,1,9/11/2020,121304,39.691808,-75.76021,1,1,1,2,1,2,1
432,4,1,9/16/2020,115930,39.68334,-75.74975,0,1,1,3,1,1,1
433,3,1,9/11/2020,110649,39.67684,-75.74719,0,1,1,2,1,2,0
434,4,1,9/16/2020,115934,39.683234,-75.74974,0,0,0,2,1,2,1
435,3,1,9/11/2020,110701,39.677058,-75.74802,0,1,1,4,0,1,0
436,4,1,9/16/2020,115934,39.683225,-75.74974,0,1,1,3,1,1,0
437,3,1,9/11/2020,110709,39.677048,-75.74869,1,0,1,4,1,2,1
438,4,1,9/16/2020,115940,39.683204,-75.75013,1,0,1,3,0,2,1
439,3,1,9/11/2020,110709,39.677036,-75.74869,1,0,1,4,1,1,0
440,4,1,9/16/2020,115940,39.683345,-75.75019,1,0,1,3,0,2,1
441,3,1,9/11/2020,110721,39.677307,-75.74895,1,0,1,2,1,1,0
442,4,1,9/16/2020,115950,39.683083,-75.74989,1,0,1,2,1,2,0
443,3,1,9/11/2020,110721,39.677319,-75.74895,1,0,1,3,0,1,1
444,3,1,9/11/2020,110828,39.677116,-75.75008,0,1,1,2,1,1,0
445,3,1,9/11/2020,110906,39.67749,-75.75000,1,1,1,3,0,2,0
446,3,1,9/11/2020,110925,39.677111,-75.75018,1,1,1,2,0,1,0
447,3,1,9/11/2020,110925,39.677338,-75.75016,1,1,1,2,0,2,0
448,3,1,9/11/2020,110955,39.677498,-75.75004,1,0,1,2,1,2,0
449,3,1,9/11/2020,110955,39.677503,-75.75008,0,0,0,2,1,2,0
450,3,1,9/11/2020,111010,39.677403,-75.75018,0,1,1,2,1,1,0
451,5,1,9/22/2020,111242,39.676151,-75.74827,0,1,1,3,1,1,0
452,5,1,9/22/2020,111509,39.67687,-75.74669,0,0,0,2,1,2,0
453,5,1,9/22/2020,111509,39.676862,-75.74669,0,0,0,2,1,2,0
454,5,1,9/22/2020,111618,39.67749,-75.74945,0,1,1,2,1,1,0
455,5,1,9/22/2020,111631,39.677559,-75.75011,1,1,1,2,0,1,0
456,5,1,9/22/2020,111738,39.677479,-75.75049,0,1,1,2,1,2,0
457,5,1,9/22/2020,111743,39.677516,-75.75070,1,1,1,3,0,1,1
458,5,1,9/22/2020,111803,39.677631,-75.75133,9,1,1,3,1,1,0
459,5,1,9/22/2020,111905,39.678045,-75.75227,0,1,1,4,1,1,0
460,5,1,9/22/2020,111930,39.678507,-75.75221,1,1,1,2,1,1,0
461,5,1,9/22/2020,112018,39.678329,-75.75145,1,0,1,2,0,1,0
462,5,1,9/22/2020,112018,39.678337,-75.75147,0,0,0,3,0,1,1
463,5,1,9/22/2020,112018,39.67832,-75.75143,1,0,1,3,0,2,1
464,5,1,9/22/2020,112018,39.678306,-75.75143,1,0,1,3,0,1,1
465,5,1,9/22/2020,112105,39.678982,-75.75167,0,1,1,2,0,2,0
466,5,1,9/22/2020,112109,39.679206,-75.75173,0,0,0,2,1,2,0
467,5,1,9/22/2020,112109,39.679192,-75.75172,0,0,0,2,1,2,0
468,5,1,9/22/2020,112115,39.679418,-75.75171,0,1,1,2,1,2,0
469,5,1,9/22/2020,112115,39.679443,-75.75169,0,1,1,2,1,2,0
470,5,1,9/22/2020,112115,39.679428,-75.75167,0,1,1,2,1,2,0
471,5,1,9/22/2020,112250,39.677948,-75.75172,1,1,1,3,0,2,1
472,5,1,9/22/2020,112300,39.6782,-75.75208,0,1,1,2,1,1,0
473,5,1,9/22/2020,112308,39.67856,-75.75235,1,1,1,2,1,1,0
474,5,1,9/22/2020,112314,39.678815,-75.75250,0,1,1,3,1,2,0
475,5,1,9/22/2020,112330,39.679305,-75.75299,0,1,1,3,1,1,0
476,5,1,9/22/2020,112633,39.681039,-75.75562,9,1,1,2,1,2,1
477,5,1,9/22/2020,112633,39.681027,-75.75564,0,1,1,2,1,1,0
478,5,1,9/22/2020,112751,39.683035,-75.75430,0,0,0,2,1,2,0
479,5,1,9/22/2020,112751,39.68296,-75.75424,1,0,1,2,1,2,0
480,5,1,9/22/2020,112751,39.683035,-75.75428,0,1,1,2,1,1,0
481,5,1,9/22/2020,112808,39.682534,-75.75396,0,1,1,2,1,2,0
482,5,1,9/22/2020,112815,39.682325,-75.75390,0,0,0,2,1,2,0
483,5,1,9/22/2020,112815,39.682324,-75.75389,0,0,0,2,1,2,0
484,5,1,9/22/2020,112815,39.68232,-75.75391,0,0,0,2,1,2,0
485,5,1,9/22/2020,112815,39.682304,-75.75390,0,0,0,2,1,2,1
486,5,1,9/22/2020,112815,39.682304,-75.75389,0,0,0,2,1,2,1
487,5,1,9/22/2020,112816,39.68228,-75.75387,0,0,0,9,9,9,9
488,5,1,9/22/2020,112816,39.682273,-75.75389,0,0,0,9,9,9,9
524,5,1,9/22/2020,112933,39.68162,-75.75360,1,1,1,2,1,2,0
525,5,1,9/22/2020,113029,39.681502,-75.75354,0,0,0,2,1,1,1
526,5,1,9/22/2020,113029,39.681502,-75.75353,0,0,0,2,1,2,1
527,5,1,9/22/2020,113029,39.681511,-75.75353,0,0,0,2,1,1,0
528,5,1,9/22/2020,113102,39.681672,-75.75252,0,0,0,2,0,1,0
529,5,1,9/22/2020,113102,39.681673,-75.75251,0,0,0,2,0,1,0
530,5,1,9/22/2020,113109,39.681888,-75.75222,0,1,1,2,1,2,1
531,5,1,9/22/2020,113114,39.682118,-75.75231,0,0,0,2,1,2,1
532,5,1,9/22/2020,113114,39.682112,-75.75230,0,0,0,2,1,2,1
533,5,1,9/22/2020,113115,39.682206,-75.75224,0,1,1,2,1,2,0
534,5,1,9/22/2020,113121,39.682382,-75.75229,1,1,1,2,1,2,0
535,5,1,9/22/2020,113125,39.682447,-75.75237,0,1,1,3,1,2,1
536,5,1,9/22/2020,113130,39.682761,-75.75233,0,1,1,2,1,1,0
537,5,1,9/22/2020,113134,39.68278,-75.75233,1,0,1,2,1,2,1
538,5,1,9/22/2020,113134,39.682775,-75.75232,1,0,1,2,0,2,0
539,5,1,9/22/2020,113134,39.682768,-75.75232,1,0,1,2,1,2,0
540,5,1,9/22/2020,113136,39.682883,-75.75253,0,0,0,3,1,2,0
541,5,1,9/22/2020,113136,39.682885,-75.75252,0,0,0,1,1,2,0
542,5,1,9/22/2020,113136,39.682878,-75.75252,0,0,0,1,1,2,0
543,5,1,9/22/2020,113158,39.682065,-75.75277,0,1,1,2,1,2,0
544,5,1,9/22/2020,113206,39.6818,-75.75257,0,1,1,2,1,2,0
545,5,1,9/22/2020,113312,39.681461,-75.75153,1,1,1,2,0,2,0
546,5,1,9/22/2020,113417,39.681175,-75.75035,1,1,1,2,1,1,0
547,5,1,9/22/2020,113526,39.68191,-75.74958,1,0,1,2,0,2,0
548,5,1,9/22/2020,113526,39.681896,-75.74958,1,0,1,2,1,1,0
549,5,1,9/22/2020,113536,39.681596,-75.74946,1,1,1,2,1,1,0
550,5,1,9/22/2020,113703,39.679743,-75.74961,0,0,0,2,1,2,0
551,5,1,9/22/2020,113703,39.679742,-75.74963,0,0,0,2,1,2,0
552,5,1,9/22/2020,113707,39.679521,-75.74977,1,1,1,2,0,2,1
553,5,1,9/22/2020,113733,39.680098,-75.74916,1,1,1,2,1,2,1
554,5,1,9/22/2020,113849,39.679147,-75.74964,0,0,0,2,1,2,0
555,5,1,9/22/2020,113849,39.679129,-75.74964,0,0,0,2,1,2,0
556,5,1,9/22/2020,113849,39.679081,-75.74965,0,1,1,2,1,2,0
557,5,1,9/22/2020,113853,39.67903,-75.74988,1,0,1,3,1,2,1
558,5,1,9/22/2020,113853,39.67903,-75.74989,1,0,1,3,1,2,1
559,5,1,9/22/2020,113924,39.679052,-75.74932,0,1,1,2,1,2,0
560,5,1,9/22/2020,114139,39.679428,-75.74841,0,1,1,2,1,1,0
561,5,1,9/22/2020,114500,39.681646,-75.74731,1,1,1,3,1,1,0
562,5,1,9/22/2020,114622,39.682365,-75.74556,0,1,1,2,0,1,0
563,5,1,9/22/2020,114625,39.682359,-75.74531,1,1,1,2,1,1,0
584,5,1,9/22/2020,121532,39.68481,-75.75370,1,1,1,3,1,2,1
585,5,1,9/22/2020,121558,39.684194,-75.75379,1,1,1,3,0,1,0
586,5,1,9/22/2020,122005,39.685276,-75.75470,0,1,1,2,0,1,0
587,5,1,9/22/2020,122300,39.685844,-75.75455,0,0,0,2,0,2,1
588,5,1,9/22/2020,122300,39.685846,-75.75454,1,0,1,2,0,2,0
589,5,1,9/22/2020,122300,39.685839,-75.75454,1,0,1,2,1,2,0
590,5,1,9/22/2020,122300,39.685828,-75.75449,1,1,1,4,1,1,0
591,5,1,9/22/2020,122312,39.686458,-75.75446,0,1,1,2,0,2,0
592,5,1,9/22/2020,122338,39.687143,-75.75477,0,1,1,2,1,2,0
593,5,1,9/22/2020,122442,39.689462,-75.75669,0,1,1,2,1,2,0
594,5,1,9/22/2020,122450,39.689565,-75.75681,0,1,1,2,1,2,0
595,5,1,9/22/2020,122508,39.689977,-75.75719,0,1,1,2,1,1,0
1564,5,1,9/22/2020,120811,39.683713,-75.74545,1,0,1,2,1,2,0
1565,5,1,9/22/2020,120811,39.68371,-75.74545,1,0,1,2,1,2,0
1566,5,1,9/22/2020,120851,39.683653,-75.74667,0,1,1,2,1,2,0
1567,5,1,9/22/2020,120900,39.683743,-75.74680,1,0,1,2,1,1,0
1568,5,1,9/22/2020,120900,39.683742,-75.74679,1,0,1,2,1,2,0
1569,5,1,9/22/2020,120916,39.683416,-75.74723,1,1,1,2,1,2,0
1570,5,1,9/22/2020,120916,39.68344,-75.74730,0,1,1,2,0,1,0
1571,5,1,9/22/2020,120918,39.683403,-75.74734,0,0,0,2,1,2,0
1572,5,1,9/22/2020,120918,39.683426,-75.74737,0,1,1,2,1,1,0
1573,5,1,9/22/2020,120921,39.683413,-75.74744,1,1,1,3,0,1,0
1574,5,1,9/22/2020,120926,39.683393,-75.74755,1,0,1,2,1,2,0
1575,5,1,9/22/2020,120926,39.683399,-75.74754,1,0,1,2,1,2,0
1576,5,1,9/22/2020,120940,39.683413,-75.74752,1,1,1,2,1,2,0
1577,5,1,9/22/2020,120952,39.683372,-75.74793,1,1,1,2,1,1,0
1578,5,1,9/22/2020,120954,39.683376,-75.74811,1,1,1,2,0,1,0
1579,5,1,9/22/2020,121049,39.68315,-75.74922,0,0,0,2,1,2,0
1580,5,1,9/22/2020,121108,39.683255,-75.74936,0,1,1,2,1,1,0
1581,5,1,9/22/2020,121109,39.683404,-75.74949,1,1,1,2,1,1,0
1582,5,1,9/22/2020,121138,39.68334,-75.75036,0,1,1,2,1,2,0
1583,5,1,9/22/2020,121147,39.68315,-75.75046,0,1,1,3,1,1,0
1584,5,1,9/22/2020,121156,39.683261,-75.75123,1,1,1,2,1,1,0
1585,5,1,9/22/2020,121156,39.683268,-75.75120,1,1,1,2,1,2,0
1586,5,1,9/22/2020,121156,39.683279,-75.75119,1,1,1,2,1,1,0
1587,5,1,9/22/2020,121159,39.68325,-75.75125,1,1,1,2,1,1,0
1588,5,1,9/22/2020,121208,39.683236,-75.75137,0,0,0,2,1,2,0
1589,5,1,9/22/2020,121208,39.68324,-75.75135,0,0,0,2,1,2,0
1590,5,1,9/22/2020,121217,39.683087,-75.75127,0,1,1,3,0,1,0
1591,5,1,9/22/2020,121217,39.683072,-75.75133,0,1,1,3,0,2,1
1592,5,1,9/22/2020,121217,39.683089,-75.75135,1,1,1,2,1,2,0
1593,5,1,9/22/2020,121230,39.683062,-75.75180,0,0,0,3,1,1,0
1594,5,1,9/22/2020,121232,39.683048,-75.75193,1,0,1,2,0,1,0
1595,5,1,9/22/2020,121237,39.683037,-75.75222,1,1,1,2,0,1,0
1596,5,1,9/22/2020,121243,39.682955,-75.75231,1,1,1,2,1,2,0
1597,5,1,9/22/2020,121250,39.68304,-75.75236,1,1,1,2,1,1,0
1598,5,1,9/22/2020,121305,39.682993,-75.75283,0,1,1,2,1,2,0
1599,5,1,9/22/2020,121315,39.683141,-75.75284,0,1,1,2,0,2,0
1600,5,1,9/22/2020,121438,39.684107,-75.75248,1,1,1,2,1,2,0
2001,6,1,9/28/2020,121129,39.683527,-75.74543,0,1,1,3,0,1,0
2002,6,1,9/28/2020,121152,39.683722,-75.74540,1,0,1,2,1,2,0
2003,6,1,9/28/2020,121152,39.683713,-75.74538,1,0,1,2,1,2,0
2004,6,1,9/28/2020,121152,39.683594,-75.74537,0,0,0,2,1,2,0
2005,6,1,9/28/2020,121152,39.683598,-75.74534,0,0,0,2,1,1,0
2006,6,1,9/28/2020,121152,39.683588,-75.74534,0,0,0,2,1,2,0
2007,6,1,9/28/2020,121201,39.68354,-75.74581,1,0,1,3,0,2,0
2008,6,1,9/28/2020,121201,39.683541,-75.74582,1,0,1,2,0,1,0
2009,6,1,9/28/2020,121201,39.683535,-75.74583,0,0,0,3,0,1,0
2010,6,1,9/28/2020,121213,39.68339,-75.74646,0,1,1,3,1,1,0
2011,6,1,9/28/2020,121213,39.683474,-75.74654,0,1,1,2,0,1,0
2012,6,1,9/28/2020,121215,39.683645,-75.74658,0,1,1,2,1,1,0
2013,6,1,9/28/2020,121229,39.683425,-75.74698,0,0,0,3,1,1,0
2014,6,1,9/28/2020,121229,39.683426,-75.74698,0,0,0,3,1,1,0
2015,6,1,9/28/2020,121229,39.683445,-75.74698,1,0,1,2,1,2,0
2016,6,1,9/28/2020,121229,39.683452,-75.74698,1,0,1,2,1,2,0
2017,6,1,9/28/2020,121240,39.683418,-75.74740,0,0,0,1,0,1,0
2018,6,1,9/28/2020,121240,39.683417,-75.74742,0,0,0,3,0,2,0
2019,6,1,9/28/2020,121305,39.683373,-75.74790,0,1,1,4,1,1,0
2020,6,1,9/28/2020,121305,39.683344,-75.74793,0,0,0,4,1,2,0
2021,6,1,9/28/2020,121305,39.683345,-75.74795,0,0,0,4,1,1,1
2022,6,1,9/28/2020,121305,39.683368,-75.74797,0,0,0,3,1,2,0
2023,6,1,9/28/2020,121306,39.683513,-75.74803,0,1,1,3,1,1,1
2024,6,1,9/28/2020,121310,39.683357,-75.74812,1,1,1,2,1,1,0
2025,6,1,9/28/2020,121311,39.683364,-75.74820,0,0,0,2,1,1,1
2026,6,1,9/28/2020,121311,39.683363,-75.74821,0,0,0,2,1,1,0
2027,6,1,9/28/2020,121319,39.683323,-75.74853,0,1,1,3,1,1,0
2028,6,1,9/28/2020,121344,39.683322,-75.74860,0,0,0,2,1,2,0
2029,6,1,9/28/2020,121348,39.683453,-75.74876,0,1,1,2,1,1,0
2030,6,1,9/28/2020,121356,39.683284,-75.74897,0,1,1,3,1,1,0
2031,6,1,9/28/2020,121356,39.683283,-75.74899,0,1,1,3,1,1,1
2032,6,1,9/28/2020,121400,39.683279,-75.74919,0,1,1,2,1,1,0
2033,6,1,9/28/2020,121400,39.683275,-75.74923,0,1,1,4,1,1,0
2034,6,1,9/28/2020,121440,39.683293,-75.75034,9,1,1,2,1,2,0
2035,6,1,9/28/2020,121440,39.683348,-75.75029,9,1,1,2,1,2,0
2036,6,1,9/28/2020,121444,39.683327,-75.75049,9,1,1,2,1,2,0
2037,6,1,9/28/2020,121457,39.683302,-75.75094,0,1,1,2,1,1,0
2038,6,1,9/28/2020,121459,39.683276,-75.75113,1,1,1,2,0,1,0
2039,6,1,9/28/2020,121512,39.683146,-75.75137,1,1,1,2,1,2,0
2040,6,1,9/28/2020,121521,39.683081,-75.75151,0,0,0,3,1,1,0
2041,6,1,9/28/2020,121521,39.683083,-75.75152,0,0,0,2,1,1,0
2042,6,1,9/28/2020,121523,39.683214,-75.75180,1,1,1,2,1,2,0
2043,6,1,9/28/2020,121523,39.683219,-75.75177,1,1,1,3,1,2,0
2044,6,1,9/28/2020,121523,39.683222,-75.75174,1,0,1,3,1,2,1
2045,6,1,9/28/2020,121543,39.683136,-75.75234,1,1,1,2,0,1,0
2046,6,1,9/28/2020,121634,39.682939,-75.75362,1,0,1,2,1,2,0
2047,6,1,9/28/2020,121634,39.682946,-75.75364,1,0,1,2,1,2,1
2048,6,1,9/28/2020,121634,39.682925,-75.75370,1,1,1,2,1,1,0
2049,6,1,9/28/2020,121634,39.683471,-75.75244,0,0,0,3,1,2,0
2050,6,1,9/28/2020,121634,39.683474,-75.75246,0,0,0,3,1,2,0
2051,6,1,9/28/2020,121634,39.683473,-75.75247,0,0,0,3,1,2,0
2052,6,1,9/28/2020,121634,39.683464,-75.75247,0,0,0,2,1,1,0
2053,6,1,9/28/2020,121655,39.684092,-75.75255,1,1,1,3,1,1,0
2054,6,1,9/28/2020,121655,39.684074,-75.75255,1,1,1,2,1,2,0
2055,6,1,9/28/2020,121655,39.684097,-75.75255,1,0,1,2,1,1,0
2056,6,1,9/28/2020,121655,39.684106,-75.75255,1,0,1,2,1,2,0
2057,6,1,9/28/2020,121655,39.684083,-75.75253,1,0,1,2,1,2,0
2058,6,1,9/28/2020,121655,39.684096,-75.75252,1,0,1,2,1,2,0
2059,6,1,9/28/2020,121655,39.684061,-75.75253,1,1,1,2,1,2,0
2060,6,1,9/28/2020,121655,39.684124,-75.75252,1,1,1,2,1,1,0
2061,6,1,9/28/2020,121655,39.684185,-75.75252,0,0,0,3,1,2,0
2062,6,1,9/28/2020,121655,39.684187,-75.75250,0,0,0,4,1,1,0
2063,6,1,9/28/2020,121655,39.68411,-75.75251,1,1,1,2,1,2,0
2064,6,1,9/28/2020,121655,39.684102,-75.75249,1,1,1,3,1,2,0
2065,6,1,9/28/2020,121655,39.684086,-75.75251,1,1,1,2,1,1,0
2066,6,1,9/28/2020,121655,39.684082,-75.75249,1,1,1,4,1,1,1
2067,6,1,9/28/2020,121832,39.684634,-75.75436,1,1,1,2,1,1,0
2068,6,1,9/28/2020,121832,39.684613,-75.75436,0,1,1,2,1,1,0
2069,6,1,9/28/2020,121832,39.684638,-75.75438,1,1,1,2,1,2,0
2070,6,1,9/28/2020,121832,39.684611,-75.75438,1,1,1,2,1,1,0
2071,6,1,9/28/2020,121941,39.685857,-75.75455,1,1,1,2,1,2,0
2072,6,1,9/28/2020,121941,39.685858,-75.75453,1,1,1,2,1,1,0
2073,6,1,9/28/2020,122114,39.685703,-75.75443,1,0,1,2,1,2,0
2074,6,1,9/28/2020,122114,39.685694,-75.75443,1,0,1,2,1,2,0
2075,6,1,9/28/2020,122125,39.685813,-75.75449,1,1,1,2,1,2,0
2076,6,1,9/28/2020,122130,39.685796,-75.75445,1,1,1,2,1,2,0
2077,6,1,9/28/2020,122139,39.685987,-75.75456,1,0,1,2,1,1,0
2078,6,1,9/28/2020,122139,39.685989,-75.75455,0,0,0,2,1,1,0
2079,6,1,9/28/2020,122139,39.685992,-75.75454,1,0,1,2,1,1,0
2080,6,1,9/28/2020,122145,39.686442,-75.75461,0,1,1,2,1,2,0
2081,6,1,9/28/2020,122145,39.686543,-75.75462,0,1,1,2,1,1,0
2082,6,1,9/28/2020,122149,39.686702,-75.75464,0,1,1,2,1,1,0
2083,6,1,9/28/2020,122151,39.686797,-75.75466,1,0,1,2,1,2,0
2084,6,1,9/28/2020,122151,39.686799,-75.75464,1,0,1,2,1,1,0
2085,6,1,9/28/2020,122155,39.686874,-75.75465,1,1,1,2,1,2,0
2086,6,1,9/28/2020,122207,39.687079,-75.75468,1,1,1,2,1,2,0
2087,6,1,9/28/2020,122523,39.689428,-75.75660,1,1,1,2,1,2,0
2088,6,1,9/28/2020,122536,39.689528,-75.75663,1,1,1,2,1,1,0
2089,6,1,9/28/2020,122553,39.689768,-75.75714,0,1,1,2,1,1,1
2090,6,1,9/28/2020,122601,39.690128,-75.75733,1,1,1,2,1,1,0
2091,6,1,9/28/2020,122608,39.690034,-75.75754,1,1,1,2,1,2,0
2092,6,1,9/28/2020,122614,39.690053,-75.75797,1,1,1,2,1,2,0
2093,6,1,9/28/2020,122632,39.690429,-75.75846,1,1,1,2,1,1,0
2094,6,1,9/28/2020,122635,39.690574,-75.75858,1,1,1,2,1,1,0
2095,6,1,9/28/2020,122802,39.690299,-75.75951,1,1,1,2,0,1,0
2096,6,1,9/28/2020,122808,39.690086,-75.75957,0,1,1,2,1,2,0
2097,6,1,9/28/2020,122917,39.691985,-75.75986,1,1,1,2,1,2,0
2098,6,1,9/28/2020,123133,39.691594,-75.76042,1,1,1,2,1,1,0
2099,6,1,9/28/2020,113130,39.675813,-75.74535,1,1,1,2,1,2,0
2100,6,1,9/28/2020,113357,39.676577,-75.74847,1,1,1,3,1,2,1
2101,6,1,9/28/2020,113357,39.676568,-75.74848,1,1,1,3,0,2,1
2102,6,1,9/28/2020,113402,39.676785,-75.74855,1,1,1,2,1,2,0
2103,6,1,9/28/2020,113414,39.67707,-75.74883,1,1,1,2,0,1,0
2104,6,1,9/28/2020,113423,39.676974,-75.74848,1,0,1,2,1,2,0
2105,6,1,9/28/2020,113423,39.676967,-75.74847,1,0,1,2,1,1,0
2106,6,1,9/28/2020,113423,39.676938,-75.74847,1,1,1,2,1,2,0
2107,6,1,9/28/2020,113423,39.67694,-75.74850,1,1,1,2,1,2,0
2108,6,1,9/28/2020,113437,39.677016,-75.74781,1,0,1,2,1,2,0
2109,6,1,9/28/2020,113437,39.677004,-75.74781,1,0,1,2,1,2,0
2110,6,1,9/28/2020,113437,39.676919,-75.74787,1,1,1,2,1,2,0
2111,6,1,9/28/2020,113507,39.676892,-75.74732,1,1,1,2,0,1,0
2112,6,1,9/28/2020,113521,39.676748,-75.74731,0,0,0,2,1,2,0
2113,6,1,9/28/2020,113521,39.676751,-75.74732,1,0,1,2,1,2,0
2114,6,1,9/28/2020,113531,39.676874,-75.74674,1,1,1,2,0,2,0
2115,6,1,9/28/2020,113531,39.676868,-75.74675,1,1,1,2,0,1,0
2116,6,1,9/28/2020,113539,39.676907,-75.74708,1,1,1,2,0,2,0
2117,6,1,9/28/2020,113528,39.676648,-75.74832,0,0,0,2,1,2,0
2118,6,1,9/28/2020,113528,39.676646,-75.74831,0,0,0,2,1,2,0
2119,6,1,9/28/2020,113540,39.677277,-75.74867,1,1,1,3,1,1,0
2120,6,1,9/28/2020,113608,39.677486,-75.74942,1,0,1,2,1,2,1
2121,6,1,9/28/2020,113608,39.677496,-75.74941,1,0,1,2,1,2,0
2122,6,1,9/28/2020,113643,39.677486,-75.75022,1,1,1,2,1,2,0
2123,6,1,9/28/2020,113717,39.677119,-75.74973,1,1,1,3,0,2,0
2124,6,1,9/28/2020,113812,39.677538,-75.75086,1,1,1,3,0,1,1
2125,6,1,9/28/2020,113835,39.677586,-75.75135,0,1,1,2,1,1,0
2126,6,1,9/28/2020,114049,39.677849,-75.75226,1,1,1,2,1,2,0
2127,6,1,9/28/2020,114131,39.6784,-75.75222,0,1,1,2,1,2,0
2128,6,1,9/28/2020,114429,39.679447,-75.75170,0,1,1,2,1,2,0
2129,6,1,9/28/2020,114429,39.679464,-75.75168,0,1,1,2,1,2,0
2130,6,1,9/28/2020,114429,39.679456,-75.75166,0,1,1,2,1,2,0
2131,6,1,9/28/2020,114451,39.679634,-75.75189,0,1,1,4,1,1,0
2132,6,1,9/28/2020,114539,39.679082,-75.75335,1,0,1,2,1,2,0
2133,6,1,9/28/2020,114539,39.679081,-75.75336,1,0,1,3,1,1,0
2134,6,1,9/28/2020,114539,39.679087,-75.75337,1,0,1,3,1,1,1
2135,6,1,9/28/2020,114539,39.679098,-75.75338,1,0,1,2,1,2,0
2136,6,1,9/28/2020,114539,39.679093,-75.75338,1,0,1,2,1,2,0
2137,6,1,9/28/2020,114539,39.679085,-75.75340,1,1,1,2,1,1,0
2138,6,1,9/28/2020,114544,39.679052,-75.75350,1,0,1,2,1,1,0
2139,6,1,9/28/2020,114544,39.679062,-75.75350,1,0,1,2,1,2,0
2140,6,1,9/28/2020,114544,39.679069,-75.75350,1,0,1,2,1,2,0
2141,6,1,9/28/2020,114847,39.68285,-75.75475,1,1,1,2,1,1,0
2142,6,1,9/28/2020,114923,39.682419,-75.75402,1,1,1,2,1,1,0
2143,6,1,9/28/2020,114927,39.682318,-75.75390,0,1,1,2,0,1,0
2144,6,1,9/28/2020,114928,39.682256,-75.75387,0,1,1,2,0,2,0
2145,6,1,9/28/2020,115018,39.68174,-75.75354,1,1,1,2,0,2,0
2146,6,1,9/28/2020,115018,39.681572,-75.75354,1,1,1,2,1,1,0
2147,6,1,9/28/2020,115018,39.681567,-75.75358,1,1,1,3,1,1,0
2148,6,1,9/28/2020,115201,39.682491,-75.75232,0,0,0,2,1,1,0
2149,6,1,9/28/2020,115201,39.682494,-75.75231,1,0,1,2,1,1,0
2150,6,1,9/28/2020,115201,39.682509,-75.75231,1,0,1,2,1,1,0
2151,6,1,9/28/2020,115201,39.682501,-75.75229,0,0,0,2,1,1,0
2152,6,1,9/28/2020,115201,39.682513,-75.75229,1,0,1,2,1,1,0
2153,6,1,9/28/2020,115201,39.682504,-75.75228,0,0,0,2,1,2,0
2154,6,1,9/28/2020,115201,39.682512,-75.75227,0,0,0,2,1,2,0
2155,6,1,9/28/2020,115205,39.682595,-75.75232,1,0,1,2,1,2,0
2156,6,1,9/28/2020,115205,39.682599,-75.75231,1,0,1,3,1,2,0
2157,6,1,9/28/2020,115208,39.6824,-75.75254,0,1,1,2,1,2,0
2158,6,1,9/28/2020,115208,39.68241,-75.75255,0,1,1,2,1,2,0
2159,6,1,9/28/2020,115208,39.682423,-75.75254,0,1,1,2,1,2,0
2160,6,1,9/28/2020,115208,39.682412,-75.75252,0,1,1,2,1,2,0
2161,6,1,9/28/2020,115336,39.681052,-75.75042,0,1,1,2,1,1,0
2162,6,1,9/28/2020,115343,39.680929,-75.75033,0,1,1,3,1,1,0
2163,6,1,9/28/2020,115343,39.680918,-75.75035,0,1,1,3,1,1,0
2164,6,1,9/28/2020,115404,39.681036,-75.75034,1,1,1,2,1,1,0
2165,6,1,9/28/2020,115448,39.681976,-75.75025,0,1,1,2,1,1,0
2166,6,1,9/28/2020,115448,39.681978,-75.75022,0,1,1,2,1,1,0
2167,6,1,9/28/2020,115546,39.680997,-75.74950,0,1,1,2,0,2,0
2168,6,1,9/28/2020,115556,39.681505,-75.74946,1,1,1,2,0,1,0
2169,6,1,9/28/2020,115605,39.681418,-75.74961,0,0,0,3,1,1,0
2170,6,1,9/28/2020,115605,39.681421,-75.74963,0,0,0,3,1,1,0
2171,6,1,9/28/2020,115630,39.680086,-75.74976,1,1,1,2,1,1,0
2172,6,1,9/28/2020,115809,39.679514,-75.74969,1,1,1,2,0,1,0
2173,6,1,9/28/2020,115809,39.679615,-75.74967,1,1,1,3,0,1,0
2174,6,1,9/28/2020,115850,39.679034,-75.74973,1,1,1,2,1,2,0
2175,6,1,9/28/2020,120140,39.67931,-75.74847,1,1,1,2,1,2,0
2176,6,1,9/28/2020,120148,39.67931,-75.74847,1,1,1,2,0,1,0
2177,6,1,9/28/2020,120543,39.682327,-75.74650,1,1,1,2,0,1,0
2178,6,1,9/28/2020,120543,39.682319,-75.74644,0,1,1,4,1,2,0
2179,4,1,9/16/2020,115950,39.683079,-75.74989,1,0,1,2,1,2,0
2180,4,1,9/16/2020,120017,39.683174,-75.75077,0,1,1,4,1,2,1
2181,4,1,9/16/2020,120025,39.683107,-75.75102,1,1,1,3,1,1,1
2182,4,1,9/16/2020,120025,39.68314,-75.75095,1,1,1,2,1,1,0
2183,4,1,9/16/2020,120030,39.683103,-75.75110,0,1,1,2,1,1,0
2184,4,1,9/16/2020,120030,39.683126,-75.75109,0,0,0,4,1,1,0
2185,4,1,9/16/2020,120030,39.683126,-75.75108,0,0,0,2,1,2,1
2186,4,1,9/16/2020,120030,39.683127,-75.75109,0,0,0,3,1,2,1
2187,4,1,9/16/2020,120034,39.683267,-75.75131,0,1,1,2,1,2,0
2188,4,1,9/16/2020,120034,39.683273,-75.75126,1,1,1,2,1,1,0
2189,4,1,9/16/2020,120057,39.683204,-75.75200,1,1,1,4,1,1,9
2190,4,1,9/16/2020,120057,39.683229,-75.75193,9,1,1,3,0,2,0
2191,4,1,9/16/2020,120101,39.683049,-75.75190,0,0,0,3,0,1,0
2192,4,1,9/16/2020,120129,39.682965,-75.75225,0,0,0,3,1,2,1
2193,4,1,9/16/2020,120129,39.68296,-75.75225,0,0,0,3,1,2,1
2194,4,1,9/16/2020,120129,39.682945,-75.75228,0,0,0,3,1,1,9
2195,4,1,9/16/2020,120129,39.682945,-75.75230,0,0,0,3,1,1,0
2196,4,1,9/16/2020,120129,39.682945,-75.75230,0,0,0,4,1,1,1
2197,4,1,9/16/2020,120129,39.682943,-75.75232,0,0,0,3,1,1,0
2198,4,1,9/16/2020,120129,39.682962,-75.75231,1,1,1,3,1,1,0
2199,4,1,9/16/2020,120129,39.682938,-75.75237,0,0,0,9,1,9,9
2200,4,1,9/16/2020,120129,39.682943,-75.75239,0,0,0,9,1,1,9
2201,4,1,9/16/2020,120140,39.683136,-75.75282,1,1,1,2,1,2,0
2202,4,1,9/16/2020,120206,39.682981,-75.75301,1,1,1,2,0,1,0
2203,4,1,9/16/2020,120222,39.682929,-75.75373,1,0,1,4,1,1,1
2204,4,1,9/16/2020,120222,39.682935,-75.75374,0,0,0,3,9,2,1
2205,4,1,9/16/2020,120313,39.683847,-75.75288,0,1,1,3,1,1,1
2206,4,1,9/16/2020,120315,39.683984,-75.75289,0,1,1,2,1,2,0
2207,4,1,9/16/2020,120318,39.684121,-75.75326,9,1,1,9,9,1,0
2208,4,1,9/16/2020,120321,39.683986,-75.75251,9,1,1,2,1,1,0
2209,4,1,9/16/2020,120332,39.683803,-75.75250,0,1,1,2,1,2,0
2210,4,1,9/16/2020,120337,39.68366,-75.75270,0,1,1,2,0,1,0
2211,4,1,9/16/2020,120419,39.683993,-75.75273,9,1,1,2,0,1,0
2212,4,1,9/16/2020,120530,39.684454,-75.75383,0,1,1,2,1,1,0
2213,4,1,9/16/2020,120544,39.684227,-75.75415,1,1,1,2,1,2,0
2214,4,1,9/16/2020,120553,39.684542,-75.75406,0,1,1,3,0,1,0
2215,4,1,9/16/2020,120621,39.684891,-75.75450,0,1,1,3,1,1,0
2215,4,1,9/16/2020,120612,39.684486,-75.75435,1,1,1,2,9,2,0
2216,4,1,9/16/2020,120724,39.685776,-75.75445,0,1,1,2,1,2,0
2217,4,1,9/16/2020,120727,39.685836,-75.75439,1,1,1,2,1,1,0
2218,4,1,9/16/2020,120750,39.686324,-75.75460,1,1,1,2,1,1,0
2219,4,1,9/16/2020,120822,39.687189,-75.75474,0,0,0,2,0,1,0
2220,4,1,9/16/2020,120822,39.687195,-75.75472,1,0,1,2,9,9,0
2221,4,1,9/16/2020,120822,39.687142,-75.75464,1,1,1,2,1,2,0
2222,4,1,9/16/2020,120837,39.687479,-75.75434,0,0,0,2,1,2,0
2223,4,1,9/16/2020,120837,39.687479,-75.75434,0,0,0,2,1,1,0
2224,4,1,9/16/2020,121033,39.689935,-75.75706,1,1,1,2,1,1,1
2225,4,1,9/16/2020,121035,39.689989,-75.75718,0,0,0,2,0,1,0
2226,4,1,9/16/2020,121035,39.689991,-75.75719,0,0,0,2,0,1,0
2227,4,1,9/16/2020,121035,39.689995,-75.75718,0,0,0,2,0,1,0
2228,4,1,9/16/2020,121035,39.689991,-75.75717,0,0,0,2,1,2,0
2229,4,1,9/16/2020,121041,39.689702,-75.75686,0,0,0,1,9,1,0
2230,4,1,9/16/2020,121041,39.689692,-75.75686,1,0,1,1,1,1,0
2231,4,1,9/16/2020,121041,39.689687,-75.75687,1,0,1,1,1,1,0
2232,4,1,9/16/2020,121130,39.689451,-75.75659,9,1,1,2,1,2,1
2233,4,1,9/16/2020,121155,39.689697,-75.75702,1,0,1,2,0,2,0
2234,4,1,9/16/2020,121155,39.689706,-75.75703,1,0,1,2,1,2,0
2235,4,1,9/16/2020,121155,39.689681,-75.75693,0,1,1,2,1,2,0
2236,4,1,9/16/2020,121155,39.689713,-75.75694,1,1,1,2,1,1,0
2237,4,1,9/16/2020,121205,39.689937,-75.75713,1,1,1,2,1,1,0
2238,4,1,9/16/2020,121210,39.690025,-75.75726,1,0,1,2,0,2,0
2239,4,1,9/16/2020,121210,39.69003,-75.75728,1,0,1,2,1,2,0
2240,4,1,9/16/2020,121210,39.690037,-75.75727,1,0,1,2,0,2,0
2241,4,1,9/16/2020,121236,39.690139,-75.75867,1,1,1,2,1,1,0
2242,4,1,9/16/2020,121236,39.690132,-75.75864,1,0,1,2,1,1,0
2243,4,1,9/16/2020,121236,39.690142,-75.75864,0,0,0,2,9,1,0
2244,4,1,9/16/2020,121250,39.690194,-75.75848,1,1,1,2,9,1,0
2245,4,1,9/16/2020,121259,39.690689,-75.75866,1,1,1,2,9,2,0
2246,4,1,9/16/2020,121259,39.690683,-75.75863,9,1,1,2,9,2,0
2247,4,1,9/16/2020,121530,39.691604,-75.76060,0,1,1,2,1,2,0
2248,4,1,9/16/2020,121640,39.691779,-75.75976,0,0,0,2,1,2,1
2249,4,1,9/16/2020,121640,39.691776,-75.75977,0,0,0,2,1,2,0
2250,4,1,9/16/2020,121641,39.691636,-75.75978,1,0,1,2,1,2,0
2251,4,1,9/16/2020,121641,39.691628,-75.75978,0,0,0,2,1,1,0
2252,1,1,8/24/2020,113254,39.677725,-75.75008,9,1,1,9,9,2,0
2253,1,1,8/24/2020,113505,39.678126,-75.75194,9,1,1,9,9,1,9
2254,1,1,8/24/2020,113558,39.678097,-75.75219,9,1,1,3,1,1,0
2255,1,1,8/24/2020,113843,39.679403,-75.75170,0,1,1,2,1,2,9
2256,1,1,8/24/2020,114230,39.68016,-75.75364,0,0,0,2,1,1,0
2257,1,1,8/24/2020,114230,39.680165,-75.75363,0,0,0,2,1,2,0
2258,1,1,8/24/2020,115801,39.68306,-75.75430,0,1,1,9,9,2,0
2259,1,1,8/24/2020,115809,39.682916,-75.75423,1,1,1,2,1,2,0
2260,1,1,8/24/2020,115809,39.682954,-75.75414,0,1,1,2,1,1,0
2261,1,1,8/24/2020,120042,39.680579,-75.75348,0,1,1,3,1,2,1
2262,1,1,8/24/2020,120131,39.68186,-75.75255,9,1,1,4,1,1,0
2263,1,1,8/24/2020,121216,39.679614,-75.74963,1,1,1,4,1,1,0
2264,1,1,8/24/2020,121948,39.679213,-75.74862,1,1,1,2,1,1,0
2265,1,1,8/24/2020,121954,39.679446,-75.74843,9,1,1,2,1,2,0
2266,1,1,8/24/2020,121954,39.67944,-75.74840,9,1,1,3,1,2,1
2267,1,1,8/24/2020,122423,39.681929,-75.74939,1,1,1,9,9,1,0
2268,1,1,8/24/2020,123010,39.683717,-75.74541,9,1,1,9,0,1,0
2269,1,1,8/24/2020,123045,39.683441,-75.74691,1,0,1,2,0,1,0
2270,1,1,8/24/2020,123045,39.683451,-75.74691,1,0,1,2,0,2,0
2271,1,1,8/24/2020,123151,39.683417,-75.74752,0,1,1,3,1,1,0
2272,1,1,8/24/2020,123153,39.683429,-75.74723,1,1,1,3,0,2,1
2273,1,1,8/24/2020,123153,39.683386,-75.74754,1,1,1,4,1,1,0
2274,1,1,8/24/2020,123158,39.683387,-75.74753,1,0,1,2,1,2,0
2275,1,1,8/24/2020,123159,39.683387,-75.74754,0,0,0,1,1,2,0
2276,1,1,8/24/2020,123201,39.683375,-75.74753,0,1,1,3,1,2,1
2277,1,1,8/24/2020,123206,39.683395,-75.74752,1,0,1,2,1,1,0
2278,1,1,8/24/2020,123240,39.683417,-75.74834,1,1,1,2,1,1,0
2279,1,1,8/24/2020,123248,39.683329,-75.74842,0,1,1,3,1,2,0
2280,1,1,8/24/2020,123302,39.683481,-75.74863,1,1,1,4,1,2,0
2281,1,1,8/24/2020,123303,39.683466,-75.74862,0,1,1,2,1,2,0
2282,1,1,8/24/2020,123308,39.683348,-75.74858,0,1,1,3,1,2,1
2283,1,1,8/24/2020,123346,39.683446,-75.74910,0,1,1,3,1,2,1
2284,1,1,8/24/2020,123613,39.683042,-75.75215,0,1,1,3,0,1,0
2285,1,1,8/24/2020,123623,39.683107,-75.75150,9,0,9,9,1,2,9
2286,1,1,8/24/2020,123623,39.683089,-75.75150,9,0,9,9,9,2,9
2287,1,1,8/24/2020,123623,39.683086,-75.75152,9,0,9,9,1,1,9
2288,1,1,8/24/2020,123626,39.683171,-75.75222,1,0,1,2,1,1,0
2289,1,1,8/24/2020,123626,39.683175,-75.75221,0,0,0,2,1,1,0
2290,1,1,8/24/2020,124100,39.684194,-75.75257,0,1,1,2,1,2,0
2291,1,1,8/24/2020,124100,39.684233,-75.75257,1,1,1,3,1,2,0
2292,1,1,8/24/2020,124100,39.6842,-75.75252,0,1,1,2,1,2,0
2293,1,1,8/20/2020,124932,39.684518,-75.75403,9,1,1,9,9,2,0
2294,1,1,8/20/2020,125024,39.686084,-75.75457,9,1,1,9,1,2,0
12799,1,1,8/20/2020,113843,39.679403,-75.75170,0,1,1,2,1,2,9
12803,1,1,8/24/2020,122423,39.681929,-75.74939,1,1,1,9,9,1,0
12804,1,1,8/24/2020,123308,39.683348,-75.74858,0,1,1,3,1,2,1
12806,1,1,8/24/2020,124100,39.684194,-75.75257,0,1,1,2,1,2,0
12808,1,1,8/24/2020,124100,39.6842,-75.75252,0,1,1,2,1,2,0
12809,1,1,8/20/2020,113254,39.677725,-75.75008,9,1,1,9,9,2,0
12812,1,1,8/20/2020,113505,39.678126,-75.75194,9,1,1,9,9,1,9
12816,1,1,8/20/2020,113558,39.678097,-75.75219,9,1,1,3,1,1,0
12817,1,1,8/20/2020,114230,39.68016,-75.75364,0,0,0,2,1,1,0
12818,1,1,8/20/2020,114230,39.680165,-75.75363,0,0,0,2,1,2,0
12821,1,1,8/24/2020,115801,39.68306,-75.75430,0,1,1,9,9,2,0
12822,1,1,8/24/2020,115809,39.682916,-75.75423,1,1,1,2,1,2,0
12823,1,1,8/24/2020,120131,39.68186,-75.75255,9,1,1,4,1,1,0
12824,1,1,8/24/2020,121216,39.679614,-75.74963,1,1,1,4,1,1,0
12825,1,1,8/24/2020,121948,39.679213,-75.74862,1,1,1,2,1,1,0
12826,1,1,8/24/2020,121954,39.679446,-75.74843,9,1,1,2,1,2,0
12827,1,1,8/24/2020,121954,39.67944,-75.74840,9,1,1,3,1,2,1
12828,1,1,8/24/2020,123010,39.683717,-75.74541,9,1,1,9,0,1,0
12829,1,1,8/24/2020,123045,39.683441,-75.74691,1,0,1,2,0,1,0
12833,1,1,8/24/2020,123045,39.683451,-75.74691,1,0,1,2,0,2,0
12834,1,1,8/24/2020,123151,39.683417,-75.74752,0,1,1,3,1,1,0
12835,1,1,8/24/2020,123153,39.683429,-75.74723,1,1,1,3,0,2,1
12839,1,1,8/24/2020,123153,39.683386,-75.74754,1,1,1,4,1,1,0
12841,1,1,8/24/2020,123158,39.683387,-75.74753,1,0,1,2,1,2,0
12842,1,1,8/24/2020,123159,39.683387,-75.74754,0,0,0,1,1,2,0
12843,1,1,8/24/2020,123201,39.683375,-75.74753,0,1,1,3,1,2,1
12844,1,1,8/24/2020,123206,39.683395,-75.74752,1,0,1,2,1,1,0
12845,1,1,8/24/2020,123240,39.683417,-75.74834,1,1,1,2,1,1,0
12846,1,1,8/24/2020,123248,39.683329,-75.74842,0,1,1,3,1,2,0
12847,1,1,8/24/2020,123302,39.683481,-75.74863,1,1,1,4,1,2,0
12848,1,1,8/24/2020,123303,39.683466,-75.74862,0,1,1,2,1,2,0
12849,1,1,8/24/2020,123346,39.683446,-75.74910,0,1,1,3,1,2,1
12850,1,1,8/24/2020,123613,39.683042,-75.75215,0,1,1,3,0,1,0
12851,1,1,8/24/2020,123623,39.683107,-75.75150,9,0,9,9,1,2,9
13547,1,1,8/24/2020,123623,39.683089,-75.75150,9,0,9,9,9,2,9
13548,1,1,8/24/2020,123623,39.683086,-75.75152,9,0,9,9,1,1,9
13549,1,1,8/24/2020,123626,39.683171,-75.75222,1,0,1,2,1,1,0
13550,1,1,8/24/2020,123626,39.683175,-75.75221,0,0,0,2,1,1,0
13551,1,1,8/24/2020,124100,39.684233,-75.75257,1,1,1,3,1,2,0
13552,1,1,8/20/2020,124932,39.684518,-75.75403,9,1,1,9,9,2,0
13553,1,1,8/20/2020,125024,39.686084,-75.75457,9,1,1,9,1,2,0
13554,1,1,8/24/2020,115809,39.682954,-75.75414,0,1,1,2,1,1,0
13555,1,1,8/24/2020,120042,39.680579,-75.75348,0,1,1,3,1,2,1
13556,1,1,8/24/2020,120042,39.680579,-75.75348,0,1,1,3,1,2,1
